ID,Year,View Count,Length (s)
pjAJswDB14s,2013,145004.0,63.0
qMkYlIA7mgw,2013,26994739.0,282.0
T8WpJlaZNZI,2013,34840.0,64.0
KfWNOnns1FM,2013,1814.0,258.0
81pvnaj3EI4,2013,34449.0,36.0
O2hO4_UEe-4,2013,9562648.0,401.0
GOiIxqcbzyM,2013,2397978.0,356.0
int3fI1YQjU,2013,144230.0,79.0
M2gEhJQt6iA,2013,60794.0,59.0
d8-KzVHkMaU,2013,577593.0,287.0
B5lo4zS2scs,2013,134781.0,58.0
_qzMAyBv_Us,2013,30607.0,87.0
4WOJhT9B1ew,2013,158841.0,392.0
n5pVz6yJkIk,2013,2156.0,147.0
vcfU4XpLNfE,2013,1212.0,27.0
h73o_UQq0OI,2013,206072.0,212.0
49FopVS_ZvA,2013,44044.0,37.0
0fjvGLKzfhQ,2013,299924.0,555.0
YIVarZeObQo,2013,1741378.0,411.0
w0ZEpzD1k_k,2013,493783.0,235.0
67P94248F_4,2013,224128.0,211.0
QLjg2R-QBcs,2013,22527.0,50.0
_uNi_go6Z6A,2013,175498.0,133.0
B2TDbNWFRmY,2013,8060.0,164.0
tcmEkjLwtG8,2013,383457.0,49.0
0X3VnZahlIA,2013,1380.0,156.0
LnyE0SzHT_E,2013,32134.0,489.0
0jvSDe_qTo4,2013,317.0,16.0
bCtrgD5Ns7Q,2013,2221.0,196.0
VasPrXAqZNg,2013,183474.0,362.0
OSk7LL5nMgw,2013,69335.0,50.0
xsuxbwdRZz0,2013,45591.0,187.0
EwqJRKn1QXc,2013,548416.0,277.0
WmOupJ9JirU,2013,154766.0,168.0
51jljY1GPAc,2013,201485.0,265.0
9Xas3mPE8aU,2013,3222.0,145.0
BJIZPocqIxU,2013,485.0,35.0
jZLr22O9dDM,2013,526.0,33.0
wFg1I6ciKew,2013,1323.0,70.0
qOpOkLtCDmw,2013,1994.0,150.0
WQtT_tHxFFI,2013,1119.0,138.0
cloifsiON40,2013,255084.0,532.0
5OQgDePAluM,2013,238199.0,208.0
sKpvraF_a9I,2013,3201.0,228.0
cNesA10y9ZY,2013,1335.0,208.0
cVijLHcM5yo,2013,7172.0,284.0
Q-i5J5_shAw,2013,324661.0,137.0
oGSVWC3pC-8,2013,3944.0,266.0
MxY60MtWywA,2013,19203.0,223.0
vMuKoDRFbQs,2013,800197.0,463.0
K1jxqoVYJgA,2013,764.0,219.0
3SM4u0bOlJk,2013,1330.0,249.0
p0YyJRjsQ1Q,2013,463721.0,369.0
ZgQbL0X2u5c,2013,19928.0,294.0
DnH1Zo9M9BQ,2013,1824.0,367.0
-HJK5MswFrs,2013,1515.0,278.0
CfHyJVRGRRs,2013,5178.0,277.0
kemmqFO6yrU,2013,3899.0,479.0
o4Y4wvzVQk4,2013,580.0,172.0
Hpm7fZ_JOTY,2013,350.0,194.0
BFGeY_XwI0Q,2013,15672.0,19.0
KkvjnXNLfP8,2013,666.0,38.0
ercfS9AaypA,2013,327.0,37.0
FGxZ38uPVCg,2013,2761.0,41.0
lhhh3In3IAo,2013,555.0,35.0
o4Y4wvzVQk4,2013,580.0,172.0
Hpm7fZ_JOTY,2013,350.0,194.0
B1c6fLErrKU,2013,400.0,51.0
H1sU2QRms2Q,2013,272.0,17.0
FGxZ38uPVCg,2013,2761.0,41.0
lhhh3In3IAo,2013,555.0,35.0
H1sU2QRms2Q,2013,272.0,17.0
B1c6fLErrKU,2013,400.0,51.0
BO5kbFt1Q2s,2013,237967.0,543.0
4jQF_FUevhY,2013,862.0,21.0
BO5kbFt1Q2s,2013,237967.0,543.0
4jQF_FUevhY,2013,862.0,21.0
thWqreAj0QA,2013,24681.0,120.0
cXX1VvBRaNQ,2013,417.0,35.0
nxbXSxCv2PM,2013,323.0,26.0
int3fI1YQjU,2013,144230.0,79.0
ERFyHc8AeZ0,2013,3087.0,148.0
OIcPjHtHyZo,2013,6875.0,158.0
C_z6Q_96LZo,2013,745.0,42.0
KT1UlytKtQU,2013,389.0,21.0
A6KLL8JDa0E,2013,1053.0,43.0
vz_HsQ1VOjM,2013,175413.0,417.0
-xva6lwpYJI,2013,4504.0,226.0
bgWajV_BRvc,2013,224096.0,292.0
zHtw-7z3S5k,2013,3076.0,228.0
4S6AyUBLM9I,2013,9592.0,219.0
FD2MroMsvdA,2013,40768.0,427.0
1jiBRFJvPck,2013,795.0,172.0
Fqzrpr2lgkY,2013,2764.0,192.0
hwNhI4jCeOk,2013,9359.0,720.0
O0LdTjxTCWU,2013,5363.0,204.0
U2w3MpYXS0M,2013,5534.0,235.0
WmLdqQ_oHY4,2013,63988.0,482.0
sDmyh9LEqhQ,2013,9710.0,577.0
5w9mKiZSadA,2013,2627.0,224.0
iA_X5gWAn_I,2013,638.0,40.0
N7GTBRWJHiA,2013,15671.0,190.0
bMNeAGDn1x4,2013,26001.0,1261.0
An4jHj7qXDo,2013,319431.0,1676.0
zaA0Nvc3ouw,2013,966.0,9.0
lcIBq9ieXBA,2013,35547.0,1242.0
KjntcCXYcN8,2013,415364.0,543.0
TpyZye5shdY,2013,1099.0,51.0
-us91rnYxVM,2013,2844.0,190.0
QXW9wfOQV9k,2013,1539.0,56.0
7r8o3FlcdAA,2013,1062.0,51.0
mHHN1f88Kdc,2013,1022.0,37.0
HmcXO1S9bIk,2013,684.0,24.0
XqU4teWm4es,2013,76.0,219.0
CMeOyi4V58U,2013,1267.0,21.0
um6vvJ5FOc0,2013,685.0,275.0
hjo7f6DYXZw,2013,1331.0,308.0
Qf_VBwsdRhc,2013,606.0,50.0
BDiyZ2vqna8,2013,1034.0,10.0
PM79Epw_cp8,2014,6700171.0,240.0
B_02SdGwBv4,2014,8648.0,122.0
5mMAGcZaItg,2014,545670.0,259.0
-KEYShtGbJQ,2014,167544.0,283.0
7ICWL_0kjDI,2014,189625.0,203.0
eX7fRHA3NJU,2014,214549.0,304.0
adgiFKJKHLc,2014,12694.0,216.0
semyy_C-Nts,2014,277701.0,215.0
3EVTUxJtiGk,2014,2181.0,124.0
5VolhQCqq9c,2014,2864.0,64.0
wVXpHwgPHL0,2014,1062.0,155.0
REP-0BdMH64,2014,179404.0,268.0
kCoXkjWL0dQ,2014,1460.0,120.0
oTcbkAo7V-o,2014,169286.0,193.0
QQDXDMwUJiA,2014,5595.0,58.0
yFZ_HAj7WuU,2014,2080.0,152.0
XuI6N4OmNcw,2014,5427.0,166.0
g4HJwLnPQAE,2014,7602.0,64.0
-5DMlABmcZ8,2014,1785.0,159.0
cDoijouB1SE,2014,168519.0,415.0
rP1LeyN90D8,2014,1233.0,71.0
WIH-JoPCSiM,2014,12148.0,161.0
6X_6hding1k,2014,2503283.0,514.0
5FtUg5THk9Y,2014,698.0,40.0
Nr9S_qN232Y,2014,250.0,9.0
qwYDXwg4A7M,2014,258.0,133.0
iCj8WbLyhT0,2014,41895.0,49.0
29m4wuC-lLA,2014,393123.0,557.0
618NtOqlGDc,2014,8852.0,149.0
wv55awOg7o4,2014,4209.0,46.0
j7PfxbPaB8g,2014,25971.0,143.0
BMjTNbK_5bs,2014,213.0,33.0
YrZBGnIeoMs,2014,5134.0,174.0
JX1ebvqMjOw,2014,97.0,162.0
29m4wuC-lLA,2014,393123.0,557.0
C5ekagH8wJ8,2014,9105.0,158.0
Zk7WEK4Rkzk,2014,1529.0,89.0
AGF3RHnnueE,2014,1827.0,34.0
ZB8pm3IfAKw,2014,569.0,160.0
aEBK1r5fLp8,2014,468.0,266.0
nbaSMFNDybk,2014,4332.0,71.0
dsZ5fLVMLfI,2014,373.0,102.0
f0n_BRrlsVg,2014,4138.0,194.0
wL6pWXmm9H8,2014,3121681.0,755.0
Czpjr1RdsHk,2014,130147.0,290.0
rij-vUFqhcU,2014,386.0,219.0
_3xX4T8_SSY,2014,975.0,94.0
Rl9ukSfBSlQ,2014,1039.0,94.0
WUA02xHl-lY,2014,271674.0,741.0
PXht1CzxI9Y,2014,375.0,443.0
_BJ9mGvFsG4,2014,778.0,295.0
wjIMWuBSvLA,2014,7646.0,320.0
IWnjbfzhAes,2014,527364.0,232.0
MH0xIFFjK34,2014,15641.0,1009.0
-bR4WddD2_A,2014,890.0,184.0
D8lYPLwprYg,2014,172.0,67.0
DGmn6iJslFI,2014,679.0,1252.0
ND8klKj-Z_k,2014,9490.0,56.0
z93kCj-E3X8,2014,495.0,311.0
poEzICSDJ_c,2014,489.0,1707.0
HgskGnilqAE,2014,286.0,271.0
d9AuP5jwvKc,2014,2768.0,35.0
I6KfzbqbFU8,2014,13535.0,7.0
4kLNfIRejXM,2014,726.0,47.0
-LRBROIfLPM,2014,2923.0,55.0
fkCTW-kjtFs,2014,378685.0,148.0
Uweh7fo2ZOE,2014,363470.0,582.0
wUia0wo5Yc0,2014,603.0,40.0
cgE_2XylOCk,2014,369733.0,116.0
vSeV6FroxlY,2014,262.0,49.0
IeH4OPLpZms,2014,3963.0,309.0
BNG4qfYt9Jg,2014,652.0,168.0
5ib0U5ws8gc,2014,252.0,60.0
zKy7a9xlCVQ,2014,322.0,202.0
1STZr_FpHl4,2014,300119.0,801.0
zKy7a9xlCVQ,2014,322.0,202.0
6lpWehZGr9E,2014,1133.0,298.0
bjq8eGHbiCg,2014,6181.0,240.0
ZTvcmh5tuVI,2014,533.0,105.0
gkKWCHK-2MA,2014,470.0,38.0
iLagcAx5TLI,2014,7135.0,91.0
LL6XmZKgJmY,2014,1094.0,3042.0
Qpwd4ExncyM,2014,6079.0,12.0
ozlWGMd1GpQ,2014,61862.0,1515.0
sT71Ia1d7VU,2014,2162.0,119.0
jGh85xiQ6AY,2014,6756.0,163.0
GUrlIwyr0vA,2014,419.0,59.0
676Fl3nwn2k,2014,1314.0,153.0
86Yp6-xc6xw,2014,469517.0,214.0
HRw1eNERqyA,2014,2017.0,173.0
EiN8TOjq1es,2014,843.0,193.0
xX81Hanv4yg,2014,1170.0,219.0
Hc4tivUU4VA,2014,10613.0,608.0
JbaLQL--7_w,2014,3969.0,651.0
Q5uZ4Yxjp3Q,2014,1511.0,213.0
MgXFhLVV6QE,2014,459.0,295.0
RKt7Jzbds80,2014,667345.0,603.0
efMX9GAkCoA,2014,687.0,310.0
PwqPEFqGf10,2014,511373.0,1236.0
-OSbNQqnCV8,2014,2197.0,896.0
MBgfJW0dUz8,2014,14193.0,777.0
DEA6IuPSP40,2014,1354.0,1235.0
r3OUGGF7RFw,2014,379.0,274.0
RUP69rV-1PI,2014,7342.0,101.0
d3FzG7jui3E,2014,428250.0,659.0
CeABOIb_18k,2014,4817.0,53.0
fnV6QCa-eHc,2014,15149.0,2483.0
zkrf31G1iBE,2014,4178.0,39.0
r7__jtu877E,2014,89861.0,2244.0
ZnJbbfWkD3I,2014,2188.0,17.0
keuhyaq1bDo,2014,31349.0,719.0
cgtaaKqvj6Q,2014,644729.0,832.0
VrbqcbdkULQ,2014,162330.0,187.0
GxnURM0LaCQ,2014,312.0,55.0
HZ3kQIYoUsg,2014,447.0,30.0
1h5mFH3RRV8,2014,1698.0,40.0
floM739jj08,2014,397.0,24.0
cfSqvizzTyo,2014,13102101.0,580.0
NNFsCFi6yR4,2014,6271.0,20.0
qpj87cKaNh0,2015,965489.0,626.0
e3F3nzkzRnE,2015,1530292.0,165.0
ptMkEQhtEew,2015,38072.0,153.0
HH9niGE773o,2015,4328.0,159.0
iYfb1kcuJTA,2015,9967.0,161.0
Op-9YvHpVjA,2015,255066.0,156.0
s9_nyrZu7z8,2015,1267.0,88.0
GZqTrNwL2Dc,2015,3709.0,101.0
dreqaEMtRj4,2015,11340.0,93.0
cX4-UBFNBsA,2015,275756.0,360.0
3WPULoD-5Gs,2015,165563.0,366.0
G-D0JQ2aZ5c,2015,4901539.0,533.0
UvfCOOMhQ2o,2015,1518.0,112.0
xu_mRAU14dA,2015,29876.0,78.0
YsPMi8qNevo,2015,6672.0,76.0
FeHwdyvvJ-w,2015,208730.0,371.0
kn0NnPQ6wBQ,2015,6288.0,204.0
zw9n-LOxLwU,2015,1216.0,68.0
Dbg4QV_Q_c4,2015,1209391.0,548.0
xR8gIMCMygM,2015,147701.0,47.0
0kwZfQvhDvk,2015,261402.0,636.0
2fxOocW7wcw,2015,1312.0,281.0
5hkOUMJqw5c,2015,1502.0,115.0
-kVWc2yZclM,2015,1097919.0,237.0
bTVBqUFcnuM,2015,1585.0,211.0
sQKlrlgSQ14,2015,613338.0,155.0
Wgj4Z5TXv_E,2015,23644.0,232.0
ft-bMk4ji6E,2015,111042.0,332.0
cxtdtuNXMWI,2015,868671.0,377.0
rCxUpFU6QYA,2015,379440.0,722.0
hPnTS71H4HA,2015,6552.0,141.0
_3ZBoAEbO_Q,2015,500.0,411.0
oE5DQ4KInOc,2015,140832.0,227.0
zPTz04wQFFU,2015,1258.0,678.0
BCzl2IhkzPw,2015,4907.0,187.0
hPnTS71H4HA,2015,6552.0,141.0
_3ZBoAEbO_Q,2015,500.0,411.0
0qcUryastNU,2015,782678.0,315.0
oE5DQ4KInOc,2015,140832.0,227.0
zPTz04wQFFU,2015,1258.0,678.0
BCzl2IhkzPw,2015,4907.0,187.0
Xh-ycRsNB0U,2015,345170.0,340.0
rwbIJde9P48,2015,1017.0,751.0
jVtfQnJnjvI,2015,3877.0,227.0
bfsGJqWZXA8,2015,239489.0,455.0
2ZJNrNYyqgM,2015,8581.0,105.0
HDgYX8Qk_ww,2015,74059.0,418.0
Y0Eqrj-PO34,2015,125316.0,406.0
uua6Qz3v8Fk,2015,2927.0,119.0
C7--XdIDNLQ,2015,28795.0,484.0
kkQhqIkEvKM,2015,586.0,1503.0
zOrpgLDYDKQ,2015,8403.0,118.0
D19XdHzAXhM,2015,214079.0,278.0
rxOiKAAZudA,2015,231197.0,285.0
dasutxEbuHQ,2015,140490.0,368.0
_dwXiFIBYQY,2015,438.0,533.0
eBORTSTGA_I,2015,1960487.0,146.0
wxIHybdcFq0,2015,44124.0,429.0
PCYIpb-uG70,2015,187298.0,324.0
rFNJ3izXAiM,2015,32600.0,344.0
u1ESNnGlgzQ,2015,77655.0,416.0
cFi9d8dJ8kg,2015,10192.0,291.0
7UoVSuEd5FM,2015,307.0,11.0
6_2Qev6OruE,2015,188.0,24.0
e4_lynNiEvc,2015,61613.0,568.0
ReU2TI22b70,2015,174.0,7.0
BdDWe_r_QuE,2015,412.0,15.0
eK_IDtNap6U,2015,55787.0,373.0
ScfNqdBhuBY,2015,287.0,15.0
grCesFnha2U,2015,56359.0,650.0
a1JGMlBIMXs,2015,440050.0,13.0
_Oe7iD3ohQs,2015,84.0,48.0
8WhzhrgdO-c,2015,374031.0,402.0
igJm3HYNmtg,2015,126557.0,350.0
rJLfvppKUck,2015,39700.0,362.0
fR18kRL0RPM,2015,4175.0,218.0
kXqmpZLpCR0,2015,81.0,60.0
sy4JeXDj36Q,2015,377.0,14.0
99kTrZ6kXWM,2015,10964.0,201.0
5EA2LKTQ6Ww,2015,19250.0,128.0
99kTrZ6kXWM,2015,10964.0,201.0
5EA2LKTQ6Ww,2015,19250.0,128.0
AW8yaKnPJ-E,2015,700.0,48.0
Rvy1TJqo4I4,2015,11219.0,156.0
BVxphG8T2ag,2015,448.0,121.0
BdnLI_7aoBU,2015,1703.0,133.0
pDXgwiEkEnY,2015,2835.0,120.0
aVp685Yna-w,2015,78645.0,57.0
4KXXqa4_bKk,2015,3908.0,174.0
ypFECpfvBLg,2015,4347.0,45.0
vfcpb-kAKfY,2015,120968.0,245.0
xBoCrEswHvQ,2015,1776686.0,1641.0
lJoAYUKFMow,2015,6361.0,181.0
daZZG9cZt_c,2015,189254.0,255.0
-D6aReRZ7wc,2015,51192.0,268.0
xxKxtNoTcKs,2015,262627.0,157.0
cdDxXQcyvZM,2015,41396755.0,314.0
-pBjaEtujME,2015,10650.0,274.0
M4lBLx1nddE,2015,13708.0,226.0
3Tgx5STamzE,2015,35823.0,244.0
g0QGexU9DVI,2015,12783.0,418.0
CShm9urd0TA,2015,536.0,226.0
-gxdh_EJBy4,2015,1068.0,449.0
qaqVukaiGmQ,2015,729792.0,491.0
73WADcBV-qA,2015,1071.0,1068.0
lZm7Ngmb7Vk,2015,429.0,1027.0
eazk9hzniHE,2015,423023.0,516.0
ZjTDXtKhgBo,2015,3616.0,306.0
qVDxwzocWHk,2015,112741.0,452.0
D0e67R7N3Kc,2015,236786.0,291.0
nW6c6aBdrmE,2015,613007.0,575.0
YQPyxHbboBs,2015,60330.0,691.0
at1euMCx38o,2015,78399.0,695.0
V2wlsx6spts,2015,116840.0,489.0
0BEF37wn0lc,2015,720250.0,394.0
C3gP2PtHVNM,2015,87.0,10.0
UkFrQuEDIrw,2015,51.0,7.0
X1zhuMWx25A,2015,5801.0,12.0
HfDIquvrNwo,2015,904.0,48.0
F1CKla0X1PQ,2015,58.0,16.0
8GrePgc4cFk,2015,9.0,30.0
AtgWQY7F1rw,2015,2222.0,39.0
AeWo_N3nUOc,2015,4697444.0,234.0
JvFbCpUBmlI,2015,29545.0,62.0
Ht05MgkVIEM,2015,2876.0,30.0
Mj41KvZJct8,2015,29294.0,37.0
kpZwyauUR40,2015,4013494.0,3149.0
wfYbgdo8e-8,2016,14485952.0,298.0
AyC1K-7GfCU,2016,2378600.0,109.0
wOmjnioNulo,2016,15114091.0,383.0
B03RJGMch-c,2016,3944298.0,229.0
mXWvKHWe2Co,2016,1514589.0,143.0
a5KYlHNKQB8,2016,3447015.0,315.0
LUL1nnxUz_c,2016,1218448.0,302.0
aC2hKamhnsg,2016,1381632.0,194.0
sByzHoiYFX0,2016,4191553.0,384.0
_2LLXnUdUIc,2016,6171559.0,392.0
GFETF6Cpl18,2016,994.0,42.0
UJBCanWJD0k,2016,2097788.0,253.0
kw_udjD2xwo,2016,1936304.0,323.0
Av8aC8woZ1w,2016,5517.0,200.0
zTdUTSuDAXQ,2016,1481557.0,486.0
dE10sMu2f20,2016,678826.0,594.0
rStL7niR7gs,2016,20389590.0,1173.0
TVq73lzjlow,2016,574791.0,372.0
OT3PVdzcwbU,2016,376307.0,573.0
9FjVeHsHeI8,2016,1445748.0,908.0
9KFC1cxkdFQ,2016,1224892.0,865.0
HprzRH1E9e8,2016,3183106.0,643.0
y-ynB5Vw3Bc,2016,977127.0,671.0
NqdzWkcXbbg,2016,32319.0,112.0
oKKSPXk4hqA,2016,3105443.0,862.0
NFBfbLCZ504,2016,471694.0,143.0
2odXx11l7S4,2016,77028.0,202.0
l75Iwvf0LEg,2016,801742.0,718.0
ih18qoBmusw,2016,1312869.0,686.0
V_gy0ayT2us,2016,1526154.0,829.0
XNMLtLO4Tbc,2016,3512600.0,707.0
0GWHoiaaaMs,2016,27636.0,285.0
Kjzg41Urmf0,2016,213058.0,459.0
oXbyx0ZK628,2016,504013.0,577.0
0YJ1B8NL9tU,2016,9981.0,249.0
Qp2uw39WiDI,2016,56012.0,139.0
ia5tj9-V4Ss,2016,203065.0,928.0
IvbGeWZSvMg,2016,230765.0,174.0
Vv3fyPfWYiI,2016,223826.0,506.0
14sL_KF943g,2016,132937.0,998.0
2oASyiFcDUU,2016,5823566.0,311.0
LIjg1e3Aw5A,2016,212029.0,1179.0
ZosO9bG4PqA,2016,251502.0,248.0
JnZl5Ww7V_E,2016,295121.0,372.0
4zQjSnPQDpQ,2016,961782.0,697.0
Qp2uw39WiDI,2016,56012.0,139.0
IvbGeWZSvMg,2016,230765.0,174.0
HIql3fyNc7s,2016,282912.0,846.0
zL2SBpJbfHk,2016,575605.0,436.0
14sL_KF943g,2016,132937.0,998.0
EpZ4T_hTzNM,2016,429798.0,491.0
_AKd115m3Cg,2016,217045.0,429.0
ZosO9bG4PqA,2016,251502.0,248.0
4zQjSnPQDpQ,2016,961782.0,697.0
p_ef4egLk3U,2016,327817.0,506.0
vOeh1vpDMnw,2016,219341.0,386.0
ReuweXgAx1M,2016,891875.0,790.0
7LwK8qssNLA,2016,6118.0,470.0
vtj_NxbBIWE,2016,460033.0,730.0
cL0eB4AClwE,2016,341908.0,507.0
90G9AvX_brI,2016,508151.0,208.0
NSQheb4UCbk,2016,813.0,1101.0
IkMB8j3QSvE,2016,813050.0,803.0
0K9Jc7YpHsA,2016,998482.0,845.0
b9VkB9udpfg,2016,600916.0,612.0
MPZiKq29jKQ,2016,231235.0,256.0
ip2O5A2-ses,2016,1327.0,31.0
S1yH7T3dCok,2016,654758.0,1143.0
DXn_lX09KKM,2016,9085.0,813.0
_XZcpidA8Ok,2016,305641.0,1079.0
EQw8RYrpmf0,2016,612132.0,676.0
RqYS5BfnYiw,2016,2467425.0,1109.0
HIL_kc8xnl0,2016,544991.0,841.0
r1eFuhKQ3Tc,2016,33284.0,762.0
6aQUfcrHUME,2016,57606453.0,523.0
PK8zzdh2h80,2016,1129314.0,226.0
-8WELAuW7_4,2016,50560.0,574.0
FTb6LIWirIw,2016,28901.0,367.0
UIE9gh8MD3w,2016,576379.0,704.0
ip2O5A2-ses,2016,1327.0,31.0
HgmyksLaccU,2016,79871.0,60.0
AyU6pcyqTsk,2016,120.0,3155.0
zI4XVEzUiFw,2016,251197.0,826.0
1mqolVHW84k,2016,1294442.0,572.0
JQNwQjjPvCE,2016,1524.0,50.0
L6l0xTHYBEA,2016,881.0,24.0
6U_IMCqs_mI,2016,778533.0,669.0
ZKTXB00-SXY,2016,241.0,3428.0
ksBoKljnt7E,2016,347624.0,947.0
pi_O03ySdac,2016,49929.0,331.0
So3MrIQXCm8,2016,274649.0,365.0
nMzDPL-1u88,2016,1309421.0,701.0
o327gPZA2x8,2016,709.0,54.0
TSrzHYqMdhg,2016,1570.0,31.0
tzCOMr7valM,2016,146329.0,592.0
eBH0KlxYbb0,2016,23859.0,211.0
G0KQ4pofsOs,2016,19754.0,209.0
pwyAHrm9j5A,2016,296709.0,250.0
I9gbqgJE7w0,2016,1878299.0,934.0
trm53Ov6E80,2016,490.0,193.0
Mpqo-joiY3c,2016,169578.0,408.0
SVrfZLD_K34,2016,7853.0,250.0
B-4zjMZev38,2016,676.0,526.0
6uOS0C0-DoU,2016,392074.0,710.0
feVZni33qCU,2016,2117716.0,835.0
j-OXrtQUIZI,2016,288862.0,1693.0
7wfDyMqbZMU,2016,4788.0,1857.0
rKITaW2dlC0,2016,27998.0,609.0
Aa7O2A2Y18I,2016,58547.0,605.0
454Zd51tzaY,2016,112149.0,295.0
ucw-lhtw3uI,2016,1124.0,29.0
PyZKrXbETWo,2016,127.0,31.0
LeGHfNds-aU,2016,169.0,31.0
y5bHIw1BVDU,2016,28824.0,127.0
XK1wdYOEzQo,2016,11995.0,251.0
gKggIn6sdls,2016,152266.0,342.0
UJNOA-5rRZg,2016,556.0,711.0
NlLUq5-SwV0,2016,9739.0,72.0
gKggIn6sdls,2016,152266.0,342.0
UJNOA-5rRZg,2016,556.0,711.0
YMbR1ukiUPc,2016,188980.0,1178.0
NlLUq5-SwV0,2016,9739.0,72.0
B1qGSBcF1-Y,2016,570.0,19.0
Yeu4cebEpeQ,2016,195136.0,699.0
QZG4gTyxyRE,2016,37833.0,209.0
IOdyFLflDj0,2016,33525.0,254.0
Ax2agrG5fo4,2016,539743.0,816.0
-GbGz70usW0,2016,14529.0,16.0
_OeVG9KE-HI,2016,14437.0,25.0
gjM_lo7SzLk,2016,127.0,12.0
PuNnhYgKXeg,2016,51.0,43.0
0plFZteoBOw,2016,61.0,33.0
EKRVILAohck,2017,181356.0,102.0
wvWpdrfoEv0,2017,2117080.0,143.0
Erp8IAUouus,2017,10995280.0,469.0
YqQx75OPRa0,2017,5976019.0,386.0
BGbNizFVz-I,2017,109971.0,294.0
OasbYWF4_S8,2017,3793764.0,220.0
moFHmUMDwgs,2017,50498.0,70.0
2LumF9U0_jc,2017,493606.0,27.0
Vv5fc7Nq5eQ,2017,172980.0,203.0
5dfv1sM0uYU,2017,3433.0,145.0
77tZS2E6uNk,2017,491225.0,188.0
fh68paAL29U,2017,4107235.0,321.0
5Vq8xHuey8s,2017,4558630.0,377.0
G2iPagShtmQ,2017,487273.0,768.0
bCKhtr3yCHU,2017,259374.0,318.0
jJOCHONeLmc,2017,816573.0,164.0
MgX_yEGf_Xk,2017,382726.0,582.0
380iex-nies,2017,7093504.0,333.0
R_WcOJ68TKk,2017,271330.0,31.0
mR-2y42Uig4,2017,383217.0,247.0
OQdC_hHlS7k,2017,75860.0,170.0
DiBxkD9qWxA,2017,589763.0,159.0
PcPLvbeYDRg,2017,8723175.0,824.0
61JoF5b3mlM,2017,2243011.0,683.0
ju5m5aOxHn4,2017,417281.0,867.0
_mZEQ--_Ii4,2017,30858.0,515.0
QlsstDzESTM,2017,3240341.0,444.0
ZDOuzhaUhnk,2017,2292952.0,973.0
bdSwf2i6eKk,2017,2535439.0,636.0
E_P_CMq_zk4,2017,1178999.0,566.0
0JiGIQOl7lM,2017,1245731.0,730.0
98DcXSWE0cs,2017,2580798.0,648.0
yr5Uv6YCgsU,2017,366199.0,670.0
bdSwf2i6eKk,2017,2535439.0,636.0
0JiGIQOl7lM,2017,1245731.0,730.0
yr5Uv6YCgsU,2017,366199.0,670.0
PcPLvbeYDRg,2017,8723175.0,824.0
QlsstDzESTM,2017,3240341.0,444.0
vpA-UboheOM,2017,1246697.0,590.0
Y_hQQnr9yM4,2017,479412.0,274.0
UPp2WEjvhpY,2017,62365.0,592.0
98DcXSWE0cs,2017,2580798.0,648.0
VKpcHzrncNQ,2017,3063714.0,150.0
gll6bw68nS8,2017,349391.0,734.0
DiLV4AMb3nc,2017,449985.0,810.0
hvJJIGT7YKY,2017,156598.0,1374.0
ni6nmGli1qU,2017,430206.0,817.0
nKUzwPI80cU,2017,544648.0,946.0
P_eeJVBSrPE,2017,283587.0,624.0
OhATtfwybYs,2017,687515.0,629.0
AdhD5N5dP00,2017,307089.0,541.0
1EUzH682UTo,2017,1056176.0,323.0
1FYKwpPijxE,2017,21083.0,60.0
tjLtxS03VCA,2017,1013.0,31.0
1EUzH682UTo,2017,1056176.0,323.0
1FYKwpPijxE,2017,21083.0,60.0
tjLtxS03VCA,2017,1013.0,31.0
v21ahkRakec,2017,1842114.0,749.0
MkBts5rx2wI,2017,931275.0,196.0
bYr4twGHE4w,2017,4420090.0,282.0
SvEPFzhpV-g,2017,462186.0,700.0
4nzU5v1Iw7Q,2017,19098385.0,334.0
OXjtMoPw1wU,2017,703052.0,225.0
t1wYBAulzWU,2017,133018339.0,158.0
fnEmkCUyad0,2017,285530.0,1097.0
QOn47-Gindw,2017,4320702.0,291.0
ZJKvcKYkmk8,2017,421.0,29.0
Eu6qWekh5D8,2017,867438.0,543.0
iRwpbSunftE,2017,676367.0,730.0
HWxWIinR63U,2017,48.0,28.0
5JqiccWa46k,2017,3141610.0,257.0
Nk5geRCrIJw,2017,477479.0,222.0
TPmVapRFE0o,2017,869496.0,215.0
ECqOfQDEB9Y,2017,6410698.0,450.0
QaMzg2BFd70,2017,454606.0,1088.0
IPPRYFymyJ8,2017,686172.0,741.0
qj853B0PTEs,2017,678380.0,803.0
YYn6QUkl2rk,2017,3102965.0,909.0
5FdFHSOjvWc,2017,727996.0,921.0
8ilCZkoCwXg,2017,362380.0,156.0
Tc3jYFW4ofE,2017,84231.0,759.0
nE4HDC2Lntg,2017,1031195.0,1463.0
GSf27Pc_YVk,2017,5205485.0,572.0
8Fst5Rnqitw,2017,320.0,32.0
UNg-fXAl_1o,2017,6209649.0,604.0
AgoiyZzgc6U,2017,3996152.0,364.0
4BBqkaYhlrs,2017,65290.0,389.0
R64nn3rgRDI,2017,589.0,26.0
ZTwclHyQ254,2017,741675.0,934.0
wxRxuoILlxA,2017,459.0,45.0
qneWo5OSikc,2017,14806.0,35.0
UOt6wIbZqQo,2017,515.0,31.0
WxXE8_mIQhw,2017,143.0,47.0
cuZI7huEi3M,2017,777723.0,158.0
cTd_3nE6QJ4,2017,3786.0,111.0
M_RRThu2IkQ,2017,1602.0,132.0
ietPF62dE-I,2017,2020975.0,601.0
ediJOlBciC4,2017,222639.0,207.0
NNJ6brhCufM,2017,4400.0,180.0
-EJtSMC_vVc,2017,526.0,37.0
z7CTpXiTk44,2017,34032.0,245.0
nigdKm4AdS0,2017,92548.0,265.0
vK9B8RieKBs,2017,123475.0,284.0
OAO13A4BWjE,2017,9517.0,247.0
vG8TjXjePis,2017,13709.0,250.0
XgRIswmJgio,2017,7797.0,26.0
AUl9WGI-l24,2017,269668.0,1247.0
zyvbQHpGXmo,2017,1751937.0,615.0
Uw9ebggIeXc,2017,80201.0,300.0
pzbNGh1YSBw,2017,28891.0,309.0
r-zvOq-iRUs,2017,65117.0,1042.0
depkkuChUiA,2017,11688.0,242.0
5Kfgd4bJvso,2017,200739.0,342.0
SuTtnB6r7C4,2017,30712.0,274.0
TLK2SLtDHNs,2017,676322.0,435.0
L_W3-13PTfM,2017,209995.0,404.0
Y1GqO6UY15I,2017,1998085.0,720.0
ZzLXtsRYcnE,2017,228273.0,384.0
Uw9ebggIeXc,2017,80201.0,300.0
pzbNGh1YSBw,2017,28891.0,309.0
r-zvOq-iRUs,2017,65117.0,1042.0
depkkuChUiA,2017,11688.0,242.0
5Kfgd4bJvso,2017,200739.0,342.0
SuTtnB6r7C4,2017,30712.0,274.0
TLK2SLtDHNs,2017,676322.0,435.0
L_W3-13PTfM,2017,209995.0,404.0
ZzLXtsRYcnE,2017,228273.0,384.0
oYcqUfLhWvo,2017,160011.0,819.0
uwtdLGOQxLQ,2017,218755.0,425.0
bstaQ3KJIUE,2017,207303.0,150.0
MrEnShZ7kpA,2017,4231270.0,87.0
uPuzphTo3kQ,2017,807385.0,598.0
0FFLFcB9xfQ,2018,1110097.0,113.0
QZQyV9BB50E,2018,1355561.0,146.0
LruaD7XhQ50,2018,14347295.0,535.0
1Jmu9lqGgbc,2018,22754928.0,158.0
K_0byLqPzCg,2018,2496138.0,1774.0
cZYNADOHhVY,2018,9992384.0,764.0
eGPNEaZV6cc,2018,5307992.0,135.0
2eH0JbEE-6k,2018,2210818.0,215.0
vqd1ifVXScs,2018,266570.0,86.0
kdTxybWNwL4,2018,3932413.0,277.0
-8tofSAtux4,2018,492767.0,233.0
2CuRX8IN1Ic,2018,1160036.0,105.0
bkzJAmkYYIw,2018,3660193.0,250.0
fql4YTlajKQ,2018,2184829.0,3005.0
cJJAoO0X8bo,2018,38836.0,111.0
OLSClDXnB4o,2018,337078.0,159.0
afRki2_aNKg,2018,154392665.0,135.0
cQl0NA8T-pw,2018,2330360.0,544.0
btg60-Dwrw8,2018,476236.0,623.0
ymNiIEyrU00,2018,2719096.0,3172.0
a-6WlEr1rqU,2018,219805.0,315.0
S_tOWUNlxkI,2018,155493.0,117.0
7SqTcudkVCg,2018,3445.0,32.0
qVm0H9r5oH0,2018,209021.0,584.0
57Qeeu-ist4,2018,263881.0,186.0
ObNwkNEWVt4,2018,2710.0,166.0
K8y9vOR2e-I,2018,234665.0,366.0
jb3rZ0n-4H4,2018,1309032.0,780.0
MP6rUYMwROA,2018,1547.0,247.0
sfcyn1oO-Dk,2018,2018065.0,781.0
mbXrwzbyT7E,2018,2431730.0,264.0
jb3rZ0n-4H4,2018,1309032.0,780.0
sfcyn1oO-Dk,2018,2018065.0,781.0
bONF3B30LIk,2018,1720.0,1468.0
bwjbloXxvR4,2018,259306.0,698.0
A6xe4tKdx_c,2018,6612090.0,169.0
-5Ge_s9HTLE,2018,1365811.0,1673.0
A3AefrMdo6c,2018,3404940.0,229.0
6m0Uv9WLMgA,2018,23773853.0,134.0
4LkMap3IQv4,2018,3091.0,3436.0
o6oOXwjMF2Q,2018,2623.0,1503.0
g_MP6BENHEs,2018,8721517.0,153.0
__C9bJjKUOA,2018,1326562.0,238.0
mYG1DA4vd-4,2018,319889.0,1039.0
vc3Ub-DZ724,2018,1978125.0,577.0
XAHC0csxYhI,2018,2940943.0,717.0
-g4XAHJumRY,2018,1778249.0,1096.0
aOXPVSRxttU,2018,1994513.0,258.0
rnu9AYTVkDw,2018,92794.0,976.0
r8Jn5SCQkxA,2018,175772.0,658.0
bs3xEhTPjAA,2018,2631380.0,330.0
Z-hV_5-DIsw,2018,234662.0,629.0
RJOrmf5Ykq4,2018,2111831.0,286.0
naX3GvvumWA,2018,2921162.0,264.0
DYHvODnVdkA,2018,5313119.0,284.0
trrZQfXmj1g,2018,29560292.0,243.0
FBJRMUdfi-A,2018,1258153.0,271.0
CBCbVHFzfXk,2018,352298.0,1121.0
bONF3B30LIk,2018,1720.0,1468.0
3LYhmn7qWIw,2018,721615.0,284.0
gocSISZ0LXs,2018,13778.0,96.0
6LP-DzyHqA4,2018,374571.0,425.0
TVl82mXkPls,2018,746872.0,446.0
Z7Dz46xfWtM,2018,22388026.0,277.0
LUORMA2NvmM,2018,6716806.0,361.0
_lTa9IO4i_M,2018,233574.0,111.0
RSNXbxpZu1w,2018,199755.0,103.0
NJ0ZO0bFH7I,2018,414.0,60.0
lcMDtrmrRqs,2018,476649.0,505.0
R41r940V4n8,2018,228584.0,635.0
OrIe2_sAtWk,2018,1998.0,29.0
QGwvqWi-zwc,2018,726.0,23.0
3qzs54N-XEA,2018,2256.0,35.0
aJY8rUOILT8,2018,35811.0,220.0
RDozbBDaOp8,2018,273246.0,686.0
GUYG4hgqmEk,2018,46693.0,227.0
huvfX-xsSsI,2018,53734.0,213.0
VzvEcApmAcA,2018,74754.0,257.0
5KQAH5uiPyE,2018,43478.0,274.0
Do-6rmWIfGQ,2018,3252.0,153.0
4LkMap3IQv4,2018,3091.0,3436.0
kYmzWgOoADE,2018,298770.0,697.0
IdeU54GFM-c,2018,1682.0,262.0
7zxX1vbX8GM,2018,440.0,172.0
q9DjXj5IIvU,2018,2396.0,256.0
41gSlV1L0rQ,2018,283617.0,792.0
eZFY6GKG1Ew,2018,474.0,258.0
iGkHvWyfTPA,2018,459827.0,682.0
EFCU-qBLuKM,2018,409599.0,298.0
oGM5tsKsjkc,2018,1783297.0,640.0
CBCbVHFzfXk,2018,352298.0,1121.0
6zJnkFEoxJo,2018,245791.0,609.0
fOdsDXT0M5Q,2018,637854.0,878.0
o6oOXwjMF2Q,2018,2623.0,1503.0
7uTUTLxsbnU,2018,678.0,383.0
zFDGONWdzxo,2018,7149.0,447.0
DqJNotJTcao,2018,104380.0,128.0
r8Jn5SCQkxA,2018,175772.0,658.0
YFe4wXdRZWM,2018,1305.0,819.0
l2fY28qX7CM,2018,2722330.0,2626.0
v2Q-58UhWWk,2018,231979.0,669.0
xfgKjAAfRIs,2018,40510.0,1541.0
Z-hV_5-DIsw,2018,234662.0,629.0
HtU9Nr5Rb9Q,2018,14166.0,15.0
PiSD3US9yPo,2018,11861.0,636.0
mYG1DA4vd-4,2018,319889.0,1039.0
6Z2vcuHR0fg,2018,2081.0,42.0
vtc9gr9aeY8,2018,1275.0,38.0
B38_9B-mFTk,2018,194122.0,392.0
WKmJM6E_Erw,2018,2105.0,10.0
RsjdmfH6JdY,2018,501.0,15.0
APjHSymry8M,2018,758.0,24.0
6Z2vcuHR0fg,2018,2081.0,42.0
vtc9gr9aeY8,2018,1275.0,38.0
B38_9B-mFTk,2018,194122.0,392.0
WKmJM6E_Erw,2018,2105.0,10.0
RsjdmfH6JdY,2018,501.0,15.0
APjHSymry8M,2018,758.0,24.0
sC352-MGB_c,2018,3176.0,16.0
5ec3nDNDzKA,2018,6504.0,605.0
Qymiz_eGSjc,2018,940.0,105.0
GlnokBpi7W8,2018,3217.0,15.0
_-IRZcS0KUA,2018,34174815.0,633.0
abrc3mk0vho,2018,90.0,54.0
X927uLjr-kI,2018,484622.0,311.0
DbUaprLtkKQ,2018,25877.0,1417.0
gn7mgP-v1zA,2018,22309.0,1397.0
HABp-Sa_Zcw,2018,131232.0,1843.0
hXX8bXS6U2E,2018,8769.0,1408.0
dV4x2wU9Qro,2018,94926.0,1389.0
93I24BDhOeM,2018,200786.0,540.0
gzgEx5UCRs0,2018,11056.0,297.0
0Iy68S3I52o,2018,7658.0,1390.0
zEp37IR2MZs,2018,357.0,30.0
j4Rc2VvyBUQ,2018,68719.0,384.0
FR9uNBBD-Sg,2018,1207774.0,214.0
Vb3bl5BhkNo,2018,76658.0,59.0
YOGkc5ZotyE,2018,4620.0,37.0
waJsOBDBPyw,2018,109.0,17.0
uRDGzy4woh4,2018,2151.0,58.0
rks1LKyeXw4,2018,17999.0,58.0
OuZtWOo98Fg,2018,9248914.0,468.0
SumDHcnCRuU,2019,8751054.0,195.0
LLGFSB3-NuI,2019,459469.0,699.0
CZLPiT6d2z8,2019,784625.0,77.0
_IopcOwfsoU,2019,878072.0,212.0
J1Yv24cM2os,2019,6003901.0,227.0
rzsVh8YwZEQ,2019,838585.0,88.0
0LS0Z8fgiII,2019,6020228.0,210.0
PDLJtQKM30E,2019,3750236.0,143.0
IIPRvY5Iees,2019,47960.0,335.0
FtCd_k9GNAs,2019,1124283.0,31.0
JyZ8wKTaHRk,2019,4685542.0,351.0
tUX-frlNBJY,2019,5862549.0,394.0
ohKPqGxotao,2019,3788767.0,143.0
BijHBOcxZzw,2019,712548.0,132.0
vX2dryLHGIE,2019,4332577.0,255.0
FzZk2G5y1_E,2019,3853805.0,178.0
uOCLYZdvSxo,2019,2583346.0,205.0
WwgAwZkYVcg,2019,1983627.0,124.0
iwZSWRELnj4,2019,4013.0,188.0
GMRGAFSckcY,2019,355736.0,554.0
RMZfVW1a-F0,2019,631069.0,55.0
sBw8OmdEkc8,2019,3576308.0,146.0
KHCbitVc0mQ,2019,202564.0,104.0
qF94r1lIe3k,2019,386459.0,357.0
61fM1pzKfXQ,2019,691.0,56.0
YMzDHZmCncQ,2019,631621.0,129.0
a7Vsx85udSs,2019,200898.0,763.0
zB72p2-op5U,2019,180787.0,245.0
bNsTzk4Q6ns,2019,291868.0,604.0
oKMuCNSJtQ0,2019,182083.0,166.0
nbr29s1TnI4,2019,26674228.0,189.0
z90aPpdKB7Q,2019,50311.0,71.0
cz-Kofo0Vfg,2019,353721.0,331.0
BXVVD2F1op0,2019,398446.0,520.0
GcVq11rNQ2Q,2019,10351989.0,132.0
G5yd9JQ2slU,2019,3411387.0,652.0
iU-rrLJG9u0,2019,2360087.0,305.0
LtQQHmItEpY,2019,12537367.0,113.0
E4dVBSSG7hs,2019,389510.0,331.0
_HlXIYHtYEU,2019,1820.0,31.0
iI-vZru7orY,2019,5979186.0,36.0
xJyl75x6hiE,2019,9352469.0,269.0
qOjMecCrt-E,2019,16321956.0,138.0
VdxWtVmWt5U,2019,486721.0,1244.0
JIL7SmxfJBc,2019,16636166.0,143.0
Jf1o8rdqwyE,2019,14776200.0,215.0
i9ZbrsPjZ_g,2019,3422155.0,365.0
4n8k0vq3wWs,2019,2755060.0,488.0
bDgF59QFZvc,2019,11870748.0,210.0
DLSAnjoN70k,2019,7296591.0,337.0
xvVu8Kbpuqg,2019,9638704.0,349.0
aqsQ3yekJ_Q,2019,16123240.0,228.0
xvVu8Kbpuqg,2019,9638704.0,349.0
aqsQ3yekJ_Q,2019,16123240.0,228.0
PbXtsKv56zI,2019,348222.0,930.0
hZ9guPPoeO8,2019,1212526.0,215.0
ek7uxw76_3A,2019,591.0,95.0
5tcBa9jbZbE,2019,17352865.0,240.0
J4nyuR7RUL8,2019,4456113.0,261.0
9dpAhnO89NY,2019,19622439.0,241.0
7FJx36mtYok,2019,25.0,3.0
klcFb8MQ8sw,2019,3156280.0,354.0
u3VK6wccWDg,2019,22370357.0,238.0
3RbAwI9-Eh4,2019,18935007.0,243.0
UcQoaIZTyrA,2019,20201849.0,238.0
6fHfdJdUgiE,2019,19280627.0,249.0
jWXVVxN4flc,2019,18398135.0,308.0
oTNavkLCoCM,2019,12503202.0,324.0
kLbolRrvZSc,2019,3795214.0,543.0
SLLmRx8Tt3E,2019,2074081.0,304.0
1hIGrjyJtzU,2019,25191647.0,278.0
gvoe3Q5FBDk,2019,30742662.0,309.0
RFD1l1ISbaM,2019,34451965.0,244.0
rrGXBfmbuIc,2019,33936934.0,225.0
MSoj913VKi0,2019,195666.0,958.0
p71M45PenL8,2019,21758985.0,415.0
yNaEcGMWZB4,2019,25692443.0,339.0
sllWKwinns0,2019,2199234.0,779.0
hSLtgT_cRCs,2019,24802998.0,470.0
iI-vZru7orY,2019,5979186.0,36.0
GvHWbmBpL6k,2019,25581518.0,438.0
yNaEcGMWZB4,2019,25692443.0,339.0
2ZjmLzpMDgc,2019,43142854.0,443.0
N-Y4juWCmhk,2019,963076.0,436.0
RFD1l1ISbaM,2019,34451965.0,244.0
rrGXBfmbuIc,2019,33936934.0,225.0
Rt1K4FOKPbI,2019,13591317.0,307.0
ek7uxw76_3A,2019,591.0,95.0
FL31ZuLM-Jk,2019,4342209.0,601.0
HIvT9jmYmHQ,2019,20906454.0,262.0
q4tp4KeQRsI,2019,100982.0,173.0
7FJx36mtYok,2019,25.0,3.0
UJtl7XMOutE,2019,14579.0,1552.0
oaVvnRQFfgg,2019,28.0,15.0
cwBtZp3tBdU,2019,110025.0,216.0
0AWO2IVulKk,2019,942519.0,603.0
ioj9tgu-RD4,2019,2627.0,48.0
ksnCXYD94I4,2019,6323.0,39.0
Nx_4SrXbtwI,2019,14771351.0,1682.0
es8zwLX3Wv0,2019,55976.0,60.0
4BiRWofzbfI,2019,34496.0,348.0
dDOKD1X2PHs,2019,137962.0,312.0
e3usxxCNK1Y,2019,143880.0,343.0
-skE9bCJK7U,2019,1033088.0,165.0
0n12KOY-Vmc,2019,24355.0,193.0
PFeQbDoaffM,2019,771774.0,305.0
Y7vbAQH0J8k,2019,129.0,35.0
CDmYjCqRJOw,2019,7697.0,209.0
PTYRl02Ty3w,2019,3632.0,975.0
E7RDduyi2ps,2019,274.0,56.0
XjJ7o-8SwI4,2019,12362.0,249.0
R9ecitonHwA,2019,62531.0,179.0
Wtv_qFrUKlQ,2019,56.0,28.0
J4nyuR7RUL8,2019,4456113.0,261.0
jWXVVxN4flc,2019,18398135.0,308.0
UcQoaIZTyrA,2019,20201849.0,238.0
p71M45PenL8,2019,21758985.0,415.0
2ZjmLzpMDgc,2019,43142854.0,443.0
kLbolRrvZSc,2019,3795214.0,543.0
309LohJ6DVA,2019,34748428.0,409.0
SLLmRx8Tt3E,2019,2074081.0,304.0
yNaEcGMWZB4,2019,25692443.0,339.0
hSLtgT_cRCs,2019,24802998.0,470.0
sllWKwinns0,2019,2199234.0,779.0
XWpXAi0q_BQ,2019,37305968.0,476.0
oylFQ6Njg2E,2019,4791396.0,858.0
QvYZeEYKe1A,2019,972555.0,601.0
WbI5p2YCcmM,2019,22904671.0,927.0
q4tp4KeQRsI,2019,100982.0,173.0
GvHWbmBpL6k,2019,25581518.0,438.0
0n12KOY-Vmc,2019,24355.0,193.0
N-Y4juWCmhk,2019,963076.0,436.0
Rt1K4FOKPbI,2019,13591317.0,307.0
GcPKdgJYM4Q,2019,2953809.0,496.0
es8zwLX3Wv0,2019,55976.0,60.0
cwBtZp3tBdU,2019,110025.0,216.0
UJtl7XMOutE,2019,14579.0,1552.0
-skE9bCJK7U,2019,1033088.0,165.0
0AWO2IVulKk,2019,942519.0,603.0
e3usxxCNK1Y,2019,143880.0,343.0
R9ecitonHwA,2019,62531.0,179.0
4BiRWofzbfI,2019,34496.0,348.0
PFeQbDoaffM,2019,771774.0,305.0
Nx_4SrXbtwI,2019,14771351.0,1682.0
wahFUAg6KOk,2019,54075.0,230.0
qcmEZ_aD24I,2019,2772.0,41.0
HfInepwv_qM,2019,18378.0,216.0
M-wA4BtDVGY,2019,1762.0,2229.0
oA7FcKVN_z0,2019,431052.0,525.0
V6VxxUddOrw,2019,150052.0,997.0
iw8iprGMmPU,2019,593.0,31.0
P6AjoB0M_h0,2019,93.0,21.0
B3flNRk22tg,2019,26.0,16.0
efF92rl95NQ,2019,780435.0,741.0
SGnAUJoI8GQ,2019,232552.0,2626.0
rBdV1iam5Ts,2019,6097.0,55.0
79UGt02ow5o,2019,3584.0,177.0
WZoavekWWoU,2019,1910533.0,204.0
r2gsXs0ITn0,2020,600206.0,35.0
CdZlocIhZfo,2020,791871.0,11.0
Cu3R5it4cQs,2020,1738877.0,168.0
qTE6hE1a_vU,2020,1292636.0,100.0
JmohuhGTOFA,2020,1998862.0,134.0
tL2X3Fy0BUQ,2020,17485818.0,100.0
hsWr_JWTZss,2020,10611959.0,402.0
jL_2QADpB48,2020,4150868.0,151.0
VOJ6M1k0gO4,2020,13098568.0,271.0
3YFeE1eDlD0,2020,7464319.0,289.0
9vkncb3Y8ks,2020,2780392.0,273.0
ykHPgL9du9Y,2020,19113.0,36.0
dDYFiq1l5Dg,2020,8949822.0,722.0
boezS4C_MFc,2020,9495386.0,629.0
H07MW776yHw,2020,6595.0,16.0
3SEfFauRHEw,2020,899254.0,383.0
yzz5UG0RHVI,2020,198441.0,31.0
iBmdcYt6uxg,2020,1460898.0,248.0
4yLwC4g4s9E,2020,291492.0,106.0
jfNc_Bul-vQ,2020,48.0,266.0
TNnbw2AbzBg,2020,143.0,21.0
4RYyeAZo7D4,2020,305943.0,452.0
PYOhYBejev4,2020,217504.0,296.0
oFynoDtotOk,2020,722309.0,172.0
sZxB0ufIe_M,2020,1169479.0,665.0
m5r7zwdGEek,2020,1365012.0,144.0
YOB8Y1_-qzQ,2020,182.0,32.0
2-VSBdAk6O0,2020,4226.0,128.0
FdyxLk9G9gI,2020,7071.0,582.0
AqegIVp6_BU,2020,251614.0,577.0
xN6iPLUuKHA,2020,18.0,27.0
jqsanozn7p8,2020,491707.0,556.0
gNDCxHn17h0,2020,23.0,175.0
94G0DbdXsEQ,2020,1519156.0,650.0
hWvwk9Kvgf8,2020,1360.0,156.0
viSKNlWmPR0,2020,204804.0,960.0
qMolvQ6sEzA,2020,348.0,284.0
qMolvQ6sEzA,2020,348.0,284.0
1O9MmzD6904,2020,103083.0,1155.0
x9zLpRbX5_4,2020,515151.0,495.0
HFcXXu4SQ7I,2020,400806.0,1124.0
pXTF-gUpsno,2020,2373454.0,514.0
mhfGE2Bj-Vc,2020,246165.0,198.0
r1I6cEwi4Us,2020,4434156.0,255.0
PzDU-wzK2oQ,2020,51059.0,559.0
6F8Ktf3-TBo,2020,268193.0,841.0
M32v1888lts,2020,1621619.0,650.0
b3s2W5OuzLY,2020,10321273.0,219.0
ePexeoQ2T7Q,2020,952625.0,191.0
2Stzg9u-nS4,2020,302220.0,253.0
w0sxm9CCNIo,2020,374280.0,283.0
lMggGkxM4KQ,2020,97.0,8.0
2HNlTByIG_s,2020,8856465.0,256.0
v05c9htFCpw,2020,1604127.0,408.0
ZJw1pXO31vo,2020,13524852.0,490.0
sAYGQN_xzrI,2020,3283775.0,107.0
oW3XkMF7z4I,2020,12067148.0,368.0
yreMFWu0G6Y,2020,91.0,48.0
G_fB5VGWKbI,2020,6381099.0,349.0
41b5ul4lpDw,2020,13354272.0,532.0
mOyCOzXVmQA,2020,11339254.0,450.0
4cIE37IHVN0,2020,15456282.0,602.0
Icl-ioRHAdo,2020,630351.0,635.0
UiA-2XRnx8Y,2020,9335606.0,586.0
KrIitup-NJ8,2020,17899584.0,465.0
NR7Gbd0mB3c,2020,261009.0,459.0
yiWbWFqLDiE,2020,24509593.0,418.0
QKlNJSxqaGI,2020,12204622.0,450.0
RbInhdT2MJw,2020,21394108.0,601.0
uGavT0yrjLM,2020,213418.0,1293.0
76txalAC5yg,2020,1244277.0,300.0
8SnLeGceEDU,2020,2050.0,41.0
u7JKCHXJUso,2020,871910.0,120.0
ctES3wNkeCw,2020,25585001.0,801.0
paMqnW4mkHc,2020,617.0,38.0
YWSPeQ31sK4,2020,531.0,31.0
hsfgQ_iqswE,2020,66.0,40.0
vm81gp04mBE,2020,8619.0,128.0
yreMFWu0G6Y,2020,91.0,48.0
9O0XkQeXBYk,2020,295543.0,836.0
G_fB5VGWKbI,2020,6381099.0,349.0
41b5ul4lpDw,2020,13354272.0,532.0
Cc_NW-8Lm08,2020,19405238.0,360.0
mOyCOzXVmQA,2020,11339254.0,450.0
4cIE37IHVN0,2020,15456282.0,602.0
UiA-2XRnx8Y,2020,9335606.0,586.0
CNPTQPgWoOA,2020,223633.0,666.0
D03eoa-LqhY,2020,331961.0,680.0
KrIitup-NJ8,2020,17899584.0,465.0
NR7Gbd0mB3c,2020,261009.0,459.0
yiWbWFqLDiE,2020,24509593.0,418.0
KmjhMTdFWcg,2020,221226.0,491.0
QKlNJSxqaGI,2020,12204622.0,450.0
RbInhdT2MJw,2020,21394108.0,601.0
30DuRxjePms,2020,213464.0,619.0
YAntBW95HAQ,2020,246285.0,498.0
uGavT0yrjLM,2020,213418.0,1293.0
u7JKCHXJUso,2020,871910.0,120.0
L7UL8gWPtA0,2020,313859.0,421.0
NWEjKlyt-ag,2020,156734.0,456.0
OY2QvDrKe3g,2020,1054825.0,700.0
ctES3wNkeCw,2020,25585001.0,801.0
paMqnW4mkHc,2020,617.0,38.0
6k2Tzb6HORY,2020,25902.0,242.0
PQXxkyT7qk0,2020,771493.0,8.0
Jc1p7K9xKF0,2020,1681.0,273.0
66SK8wO1g_I,2020,14412507.0,229.0
Qxp3kAVOUeQ,2020,3137.0,203.0
YfUDwpu-208,2020,13.0,18.0
wV4PxY1Jbqc,2020,55.0,16.0
bhn2cJYAcsg,2020,522926.0,1170.0
jahpfTTah4E,2020,1396311.0,649.0
nXZCZ5brLTo,2020,15.0,12.0
oVWq9OF0faA,2020,287045.0,1362.0
AORGCqcfVEs,2020,843976.0,737.0
2DsMnpgoJDc,2020,40.0,16.0
okveaDkvmyY,2020,5.0,11.0
cLx3rSbC8ng,2020,354.0,29.0
6sCmnt5eeXs,2020,56.0,23.0
VuLYTSzXYDc,2020,35.0,44.0
zgulL6-k6ME,2021,12545508.0,21.0
Hr6zY0Yt6wE,2021,99993.0,203.0
mFEKmmGZCxg,2021,9515129.0,49.0
muxK7-tCKqc,2021,37227098.0,16.0
84RvbL-SS-Y,2021,712937.0,36.0
JmrfT8BeQRk,2021,254150.0,499.0
d4GGIbP2YC0,2021,303004.0,295.0
Nw-za_NFVLE,2021,317396.0,623.0
6WztAXXP7Wo,2021,569413.0,673.0
vVYEviQVHBU,2021,1327124.0,110.0
WZQcrcASKxg,2021,240465.0,252.0
L_PkXAd7UFo,2021,406981.0,116.0
BMadvm4wioc,2021,261792.0,516.0
R-1JXejejMg,2021,1319652.0,507.0
Q95zFLkSgfU,2021,192472.0,524.0
3j7Nlj2vFCw,2021,243335.0,139.0
WQod6VzXw5U,2021,262126.0,536.0
6LkDdAhBgeg,2021,199771.0,874.0
Oy73XchalDE,2021,409741.0,953.0
LPOm4SeUQn4,2021,183675.0,494.0
MFZQdhwxj0o,2021,247868.0,70.0
VMZsFCQPRZY,2021,38601282.0,533.0
FUxHgKTPbWY,2021,314446.0,161.0
WS-22w4NzJA,2021,2118085.0,138.0
y-pnzQxZEVk,2021,217155.0,578.0
51re8OsHC00,2021,2022071.0,100.0
ddXRSF-tiFE,2021,293310.0,31.0
m4qxsGtr3ME,2021,1451261.0,611.0
8aEJ5UoSF2A,2021,1072.0,16.0
fGJFRxHI2lA,2021,190626.0,642.0
w36aKz1Tzy4,2021,62189.0,298.0
mmnhi2KTVZA,2021,15206.0,236.0
kWjshQoQJ9k,2021,13367.0,199.0
zpks3uv_6eg,2021,402799.0,333.0
eVe4Y3554UA,2021,5580.0,295.0
nZ5XkcdlkNc,2021,180798.0,491.0
j-2c-7m4Dc0,2021,503545.0,519.0
qGOmlo1cGEk,2021,154845.0,145.0
-l_oO-2PEj8,2021,1177708.0,515.0
3y18pCBXlsU,2021,426963.0,922.0
POLKmdVsaro,2021,2804.0,229.0
umYufsf4mlE,2021,1113438.0,672.0
ebshN28FDWE,2021,4941649.0,305.0
zT4qWkiXIxU,2021,2070335.0,224.0
Hz1WjtBE_tQ,2021,370330.0,230.0
pYspUNWjhZE,2021,8848181.0,229.0
aW0tzdK4SSs,2021,1215273.0,255.0
uAfl87_R9ck,2021,55817.0,228.0
JJeKieFfyq8,2021,981808.0,680.0
JKaOmFQ25nQ,2021,82967.0,264.0
YakBFYAAf2U,2021,184154.0,373.0
XZPuB1QasQU,2021,3611955.0,2021.0
qFiCRNmj64w,2021,391757.0,492.0
CtCWikq7M_s,2021,471462.0,486.0
Q43ZbHo47ik,2021,10227.0,706.0
Brm31p2viPQ,2021,17792.0,15.0
bJnunucgNf8,2021,82853.0,312.0
0jqyxNxEuH4,2021,88235.0,1498.0
2UIeLplvmvk,2021,756.0,16.0
EC3KuqzoPNo,2021,3173.0,287.0
_h7O3xhPm80,2021,602879.0,835.0
n3VE6LRqt3M,2021,2321.0,217.0
h_-itrX34vU,2021,46538.0,167.0
gKlNmmpufgY,2021,13683.0,235.0
g-r1CJXOc6k,2021,3264.0,156.0
nnSwUNr5E14,2021,107067.0,213.0
DxTueBRILEc,2021,12925.0,210.0
WWaQkr8xNF4,2021,27530.0,223.0
t4TEtQHEUoQ,2021,17565.0,234.0
X6gpTstD0jQ,2021,47762.0,248.0
h0Zu2h4io70,2021,4201.0,197.0
nnSwUNr5E14,2021,107067.0,213.0
DxTueBRILEc,2021,12925.0,210.0
WWaQkr8xNF4,2021,27530.0,223.0
t4TEtQHEUoQ,2021,17565.0,234.0
X6gpTstD0jQ,2021,47762.0,248.0
h0Zu2h4io70,2021,4201.0,197.0
KjH7G3UH268,2021,19541.0,242.0
O0sC03-JR4Q,2021,54880.0,267.0
wQziQX9QunY,2021,698.0,186.0
ORkloCA25po,2021,38024.0,273.0
h7bQ98POEhg,2021,7335.0,253.0
EVC_pPkMsC4,2021,3922.0,224.0
Z2poosZEynw,2021,35484.0,295.0
e1M3UVrUJ64,2021,24725.0,239.0
z3uHmrnApEU,2021,1298.0,216.0
X4Q19QHvS2s,2021,4235.0,256.0
WXTYlFHzj8g,2021,3296.0,299.0
uO_ftnck4vk,2021,237520.0,482.0
vrSDVaczn2c,2021,2350.0,229.0
-JIylEEKTBE,2021,12309.0,482.0
ZKrYzktrwe0,2021,919.0,250.0
GICRlK1Pbdo,2021,2831.0,492.0
CCh6AUbDbU4,2021,1808881.0,601.0
0Vqu3i1uM88,2021,22612.0,483.0
uLi8yPAAnRY,2021,28540.0,204.0
mxGkj1YydaM,2021,2329.0,355.0
J6KdcHRAL3I,2021,1575.0,536.0
HxP_Mfikj8M,2021,7319.0,259.0
bG4WJK6_uyo,2021,13727.0,258.0
sROdF_NGD1M,2021,25299.0,240.0
dZqHOuKh898,2021,20206.0,239.0
5HPbPHkxH0Q,2021,8353.0,484.0
zRN-mFXEEZI,2021,1776.0,351.0
RAqzB8qJEgg,2021,13228.0,239.0
IAgjGgwTNI8,2021,4225.0,220.0
jnrKX69RE8s,2021,7058.0,226.0
fcj9Ajqr6jQ,2021,312.0,17.0
ila4-uf3_L8,2021,9388.0,1569.0
zfJvWkM4MWY,2021,1912.0,269.0
1wScF18yEGI,2021,3080.0,181.0
4GLAi0OYPYA,2021,8052.0,1416.0
6UGGHShhbFo,2021,2909.0,482.0
V_ganA_v9oM,2021,1490.0,51.0
J1068qEaQn4,2021,3755.0,13.0
Wmx9MQc1pwY,2021,2405.0,10.0
uz19pzDf3RA,2021,1014.0,16.0
uPWOcNFFDUw,2021,574.0,16.0
J1068qEaQn4,2021,3755.0,13.0
Wmx9MQc1pwY,2021,2405.0,10.0
E24vsAu--C8,2021,969.0,22.0
LNXb2JpVcPk,2021,1074.0,30.0
hiArigPpxdU,2022,279912.0,41.0
4WjQD4PAXxc,2022,88439369.0,10.0
FwGCOmWeV20,2022,279278.0,141.0
n-XpULsR4pc,2022,16254967.0,18.0
3gogtmoe8Kc,2022,199198.0,261.0
MechtEke7kQ,2022,2452717.0,81.0
8I9j91v04QE,2022,1148.0,32.0
nhFU26eNgAY,2022,6533.0,15.0
-VIlcySkqpQ,2022,2942.0,54.0
Bj3rtk3Z6h4,2022,1217412.0,30.0
0VtdyrwPkcY,2022,248862.0,236.0
pHMjXnWOnZ0,2022,237009.0,616.0
2o8V5kSDz5M,2022,28450737.0,35.0
5pTJsh7Js8g,2022,568.0,168.0
yjcze9UhhGc,2022,538.0,16.0
8NkaMMPbiFk,2022,197573.0,511.0
8s2Iumqu9dQ,2022,234468.0,602.0
V4-ac3cZ7a0,2022,363.0,60.0
joWdxeMjQQc,2022,857946.0,574.0
psGyFz49EgQ,2022,2054.0,315.0
vRUu2JyCJ1w,2022,557847070.0,8.0
nn_4okgFP2k,2022,2427.0,11.0
hAYlWlAFnR8,2022,1222.0,16.0
xdFy1mWf5dY,2022,66.0,10.0
pmN09O-uZas,2022,199.0,6.0
hvB8pv757MU,2022,66367761.0,20.0
HCuBrkAahRM,2022,7408972.0,133.0
_rKHWO5RH-c,2022,642848.0,34.0
5RFDuMuHpG0,2022,2575.0,15.0
OjKQszKJlkk,2022,2009.0,6.0
y3cvKK9wDUw,2022,6048194.0,220.0
EG_smUf09zo,2022,466094.0,1855.0
nGinvE8FkCg,2022,239037.0,480.0
qrbBeDMPOAQ,2022,4138.0,533.0
jfOUVYQnuhw,2022,6420001.0,964.0
sJIcXeMiyZc,2022,79.0,37.0
Xs0snSQfaeQ,2022,7058.0,283.0
sjDC1bm2F2E,2022,531.0,211.0
KiFtLMM5okc,2022,208553.0,2460.0
nYbhg-kmX5A,2022,1911219.0,857.0
kiVK7lAst7E,2022,9971860.0,29.0
8lB66bSJy7s,2022,4870.0,37.0
DZ0gq823wXM,2022,387.0,861.0
8MNJ0LMJ1bo,2022,206544.0,512.0
JmCMnThx2dA,2022,326.0,655.0
AtC3TBdC0LE,2022,209173.0,943.0
eFI5yYZkRtc,2022,4225816.0,60.0
KGUxx9Lew0w,2022,393.0,1149.0
DkToCHUyP-A,2022,3079.0,60.0
-XzD-Eh2iqo,2022,245.0,42.0
iia8h72B_Vs,2022,4098184.0,50.0
Jtd3hKKzjVo,2022,20.0,16.0
MaY09iRrP80,2022,811.0,404.0
V441GgRjVA4,2022,36928.0,194.0
F2w3x1nHHtw,2022,6673350.0,60.0
l7hajoLktjg,2022,301196.0,494.0
QP0zqEjpYoI,2022,117797.0,236.0
ra8zJpESRmM,2022,21183.0,219.0
UAkOmF0sP7s,2022,10961.0,223.0
yOXGmw9sAJ8,2022,4109.0,15.0
udLV6VNi2xA,2022,965.0,11.0
xK_HD4hZ0vs,2022,14331.0,203.0
6HmvFEtAhsY,2022,20598.0,223.0
QVRVWuVp-jc,2022,4970.0,16.0
WLTKpJsvgHE,2022,83578.0,218.0
maWwjay_2Zs,2022,14366.0,245.0
v0Gw9TD4Uhk,2022,7251.0,235.0
XwzStwoZMRA,2022,11443.0,240.0
yy52So8jNq0,2022,4684.0,216.0
nn_4okgFP2k,2022,2427.0,11.0
V1izvKJmhS0,2022,732469.0,1280.0
cDGecg3BPt0,2022,453768.0,663.0
hAYlWlAFnR8,2022,1222.0,16.0
xdFy1mWf5dY,2022,66.0,10.0
pmN09O-uZas,2022,199.0,6.0
eT51u_Mo-TY,2022,9.0,16.0
CssFqSwZVfA,2022,268001.0,76.0
ra8zJpESRmM,2022,21183.0,219.0
XXR696eIAZ0,2022,336164.0,187.0
Nn_9pPNhMoM,2022,340393.0,583.0
I7NIl9xFTR8,2022,96.0,8.0
VzNdqz31RWU,2022,88854619.0,31.0
xr6t7EAelxc,2022,520949.0,488.0
hfxoEw7oP74,2022,289445.0,76.0
6_epQjln5ig,2022,431494.0,428.0
jJnqUNwfhCE,2022,933441.0,599.0
AeqT6qt0Xyk,2022,235120.0,1793.0
JfqGm89YciU,2022,194607.0,842.0
5RFDuMuHpG0,2022,2575.0,15.0
OjKQszKJlkk,2022,2009.0,6.0
RKo0OFPyKuk,2022,563015.0,152.0
tD3eGnjyNDg,2022,287443.0,576.0
EjKI5YLnX44,2022,3029220.0,125.0
Yoa7uQuANRo,2022,209552.0,715.0
xK_HD4hZ0vs,2022,14331.0,203.0
2RqPzpahmIo,2022,1101651.0,1126.0
nGinvE8FkCg,2022,239037.0,480.0
qrbBeDMPOAQ,2022,4138.0,533.0
6HmvFEtAhsY,2022,20598.0,223.0
oAGow4FpWQw,2023,173795468.0,13.0
g9K8ndBeYK0,2023,64837901.0,47.0
Ust9m3hBX30,2023,59087957.0,19.0
7hTYWglp2DU,2023,171614.0,33.0
eMrzmil9zMM,2023,118001.0,26.0
CuzSygkqgKc,2023,2713117.0,37.0
uBen4HLh9YA,2023,1578846.0,31.0
zvUwRnSqJhU,2023,31894232.0,58.0
jzTQFU5sMvg,2023,57005.0,34.0
MRrZJUbHiJU,2023,1290505.0,60.0
HmkoRZbjJCs,2023,8634.0,37.0
DNjEL5Yi1s0,2023,17159.0,25.0
cUfwIeU06cc,2023,1740.0,49.0
yx8CTY3_RsA,2023,3253.0,45.0
imPn0-GgFCM,2023,6661.0,55.0
XI9H-k9hjkM,2023,70110.0,33.0
PUT67M6TFcw,2023,700258.0,30.0
ScMpCb0ty8Q,2023,21269.0,47.0
JH5XidMxgc4,2023,5226688.0,60.0
eOYlOuA6qp4,2023,168589.0,45.0
Ht1FUPeAKh4,2023,4390.0,40.0
JyeGmx8Pfww,2023,4460.0,35.0
rlW4U3xQ_Dc,2023,1291.0,58.0
NimJehVeIVE,2023,46366870.0,30.0
l5w6vEtt6Hc,2023,15065592.0,35.0
Lnt0YiQzJjg,2023,2668823.0,11.0
HyXTQouUoG0,2023,15657.0,151.0
TIQ0zajCfk8,2023,271812.0,405.0
KRx4M8rAio0,2023,14070954.0,23.0
KRx4M8rAio0,2023,14070954.0,23.0
vBsnzindlp0,2023,355724.0,307.0
tRgMAR30K8M,2023,216.0,271.0
QheoDgTXXpU,2023,1652.0,383.0
1DROMbOxPCY,2023,1318.0,293.0
2sRGqhfQZgE,2023,22771606.0,16.0
QIU0WfGqzxE,2023,1474.0,208.0
FabYUTGGyU0,2023,508.0,252.0
avg1wpMrjck,2023,1360.0,351.0
im66FL-Vpv8,2023,2426.0,244.0
Vly1K36Z9yY,2023,13285.0,444.0
0t_xnL7oBc0,2023,1248748.0,14.0
QFZ98CfDyiw,2023,1764.0,235.0
lf3anA9rqEM,2023,10857.0,576.0
cGKTpNBs5Rk,2023,753168.0,769.0
YP7S5u42vyw,2023,20919132.0,60.0
xV0xPJZCxbY,2023,1212803.0,250.0
GMqFyp5fUYM,2023,1107331.0,58.0
W6_BeXlyflc,2023,58619432.0,14.0
__sSsWIlZeI,2023,226087.0,1326.0
maPWDLq26Vc,2023,3970.0,32.0
1vl9VNWsOcM,2023,340331.0,608.0
OslnnX4zyg4,2023,9287.0,30.0
SnTdDJwXOZQ,2023,55339134.0,17.0
c17d80EynNE,2023,940404.0,166.0
jAkXtMFgnus,2023,457629.0,802.0
pG_PemYNrjs,2023,696570.0,709.0
08jYwufK7QY,2023,267406.0,455.0
McT-cCgtZ-0,2023,603755.0,567.0
sD0er8hgLLw,2023,1797.0,11.0
h575p1fJblg,2023,9874192.0,27.0
Vn5W072t2Uk,2023,341922.0,321.0
3aw2Z9MCsV4,2023,5766938.0,13.0
wBI1tgPiMg0,2023,180365.0,1019.0
4m0NLZ35uWc,2023,901870.0,11.0
Zz-ye8w9hto,2023,207958.0,902.0
AkxIC4V_4KA,2023,16219089.0,51.0
hi9Mm7c8od0,2023,669.0,10.0
piKOcjQPZJk,2023,684909.0,661.0
g5XoD3IzN64,2023,19710.0,29.0
zlMel61BUFk,2023,68583.0,16.0
hC__j9_CjvE,2023,35280.0,16.0
KnsmrTcPees,2023,1070811.0,340.0
LsHYWIH7d7Q,2023,21930.0,114.0
OYp0OJ_A26M,2023,3578821.0,9.0
43TUx7uKC4c,2023,1783362.0,8.0
CfE70n9akAI,2023,48242.0,6.0
O65y5EI8QxU,2023,15002.0,7.0
dHCEXOlxAA0,2023,6401.0,8.0
MTFpH-WEzMs,2023,2270.0,8.0
bjTlyfEyCNI,2023,181145.0,8.0
8xL2kXXkgfA,2023,2076.0,17.0
yocQ1DiKDGw,2023,253.0,14.0
f2LFo3t8rGQ,2023,30920.0,29.0
j8v2xQfF2BQ,2023,5716.0,6.0
iCog3FfNGI4,2023,19399.0,10.0
UEC2Q8oTDDA,2023,13747.0,7.0
1G3c0j4UnLc,2023,41675.0,27.0
