ID,Year,View Count,Length (s),Likes
v1w1bvsMt8s,2013,200377,702.0,3867
qMkYlIA7mgw,2013,27006549,282.0,302388
Aj0ftqTGMiM,2013,232232,36.0,3145
JsWxLX6mfN8,2013,326483,31.0,31
KfWNOnns1FM,2013,1815,258.0,2
O2hO4_UEe-4,2013,9565097,401.0,201619
GOiIxqcbzyM,2013,2398149,356.0,58259
M1ShuAEIfGw,2013,251213,136.0,1313
ptHIA5bMnio,2013,254079,230.0,465
d8-KzVHkMaU,2013,577617,287.0,3094
n5pVz6yJkIk,2013,2156,147.0,5
2xlQKl5hYZU,2013,2063543,189.0,44028
wwsQ3BpANjI,2013,2269,114.0,10
Txf5_vYJuzw,2013,255279,182.0,579
Pb8kUvKcVTw,2013,1149850,165.0,4138
z_kx-BSIJb0,2013,373638,1456.0,11228
3DYZuZUQVdc,2013,1203685,166.0,13730
0X3VnZahlIA,2013,1380,156.0,1
LnyE0SzHT_E,2013,32136,489.0,114
0jvSDe_qTo4,2013,317,16.0,5
bCtrgD5Ns7Q,2013,2221,196.0,4
NXAkq0GgMXE,2013,1149,24.0,5
xsuxbwdRZz0,2013,45596,187.0,152
Dv1YnSOVBjs,2013,270899,326.0,948
EwqJRKn1QXc,2013,548421,277.0,2187
Hi19UW_CQnw,2013,1218,305.0,1
EhOywAqm4iM,2013,976,114.0,21
9Xas3mPE8aU,2013,3222,145.0,74
BJIZPocqIxU,2013,485,35.0,10
jZLr22O9dDM,2013,526,33.0,8
KD0d9pF36Dc,2013,68269,250.0,932
Pv6AqfoDilk,2013,2830,244.0,5
wFg1I6ciKew,2013,1323,70.0,2
K4M5j2TtIKM,2013,208190,197.0,2318
Q08qeOsiJPc,2013,2961843,41.0,21
fZ-7Bp9VMts,2013,224259,975.0,652
WQtT_tHxFFI,2013,1119,138.0,6
dB_fM8jsbGU,2013,202418,234.0,3512
sKpvraF_a9I,2013,3201,228.0,64
WQtT_tHxFFI,2013,1119,138.0,6
sKpvraF_a9I,2013,3201,228.0,64
cNesA10y9ZY,2013,1335,208.0,2
cVijLHcM5yo,2013,7172,284.0,151
oGSVWC3pC-8,2013,3944,266.0,103
MxY60MtWywA,2013,19203,223.0,250
K1jxqoVYJgA,2013,764,219.0,24
3SM4u0bOlJk,2013,1330,249.0,40
BPFeNJA-w5A,2013,26755,490.0,198
eX5ndNVzZVU,2013,1092,219.0,6
ZgQbL0X2u5c,2013,19927,294.0,196
oQXZ5IFyrgw,2013,285080,357.0,617
DnH1Zo9M9BQ,2013,1824,367.0,36
6FHxy3hXIdo,2013,1022,36.0,13
rytcO1hD1aM,2013,240751,861.0,5781
Ks_mSqy1FPQ,2013,404,234.0,3
-HJK5MswFrs,2013,1515,278.0,3
CfHyJVRGRRs,2013,5178,277.0,18
pbjfgA0wipM,2013,1174955,405.0,11229
vffzwXkrIJk,2013,276975,998.0,2796
kemmqFO6yrU,2013,3899,479.0,42
-uga7AkXn3M,2013,25431,348.0,154
iPpwToNBp_4,2013,683,292.0,2
D7gZ0kNpFR8,2013,520814,1240.0,2207
o4Y4wvzVQk4,2013,580,172.0,13
sCXpVZro6qk,2013,67177,181.0,424
5LeqCp-iYgE,2013,10004,128.0,24
JQQxJxT9pok,2013,1739993,209.0,15953
UazV9qYkSCc,2013,1561,289.0,6
BFGeY_XwI0Q,2013,15674,19.0,67
b10crrF894s,2013,1459,268.0,5
NQv4fzme1bQ,2013,402304,268.0,14732
KkvjnXNLfP8,2013,666,38.0,12
T58bScSGFvE,2013,781,99.0,17
GZfOWXuCWNc,2013,9587,24.0,12
ercfS9AaypA,2013,327,37.0,16
Ox0vjZbUlnM,2013,1471,220.0,2
FGxZ38uPVCg,2013,2762,41.0,20
lhhh3In3IAo,2013,555,35.0,9
H1sU2QRms2Q,2013,272,17.0,6
B1c6fLErrKU,2013,400,51.0,8
9gpufRSEhtA,2013,706032,86.0,853
I0GoQIvgzlg,2013,652,23.0,4
u7XUXBitato,2013,65639,774.0,702
LITgawQ21-A,2013,293527,330.0,580
4jQF_FUevhY,2013,862,21.0,6
thWqreAj0QA,2013,24683,120.0,198
cXX1VvBRaNQ,2013,417,35.0,4
nxbXSxCv2PM,2013,323,26.0,4
hhAYyX9fq_0,2013,3786,26.0,40
-rnx-I2HROg,2013,446206,145.0,93
ERFyHc8AeZ0,2013,3087,148.0,56
OIcPjHtHyZo,2013,6875,158.0,50
uG4-aywuOnY,2013,974,107.0,7
ss4l_Ck1Yws,2013,5324,215.0,55
-xva6lwpYJI,2013,4504,226.0,58
15njarQwd8E,2013,1784,430.0,46
zHtw-7z3S5k,2013,3076,228.0,62
4S6AyUBLM9I,2013,9592,219.0,63
FD2MroMsvdA,2013,40770,427.0,363
trH4iuebjjI,2013,395149,673.0,1462
Fqzrpr2lgkY,2013,2764,192.0,6
63o36KdQ19c,2013,52003,261.0,645
O0LdTjxTCWU,2013,5363,204.0,30
mpZ5chCpnng,2013,5048,255.0,26
U2w3MpYXS0M,2013,5534,235.0,42
WmLdqQ_oHY4,2013,63998,482.0,587
F0I3RyCGeP0,2013,29296,290.0,322
Hs5NnUC2JtY,2013,10169,223.0,142
63o36KdQ19c,2013,52003,261.0,645
O0LdTjxTCWU,2013,5363,204.0,30
mpZ5chCpnng,2013,5048,255.0,26
U2w3MpYXS0M,2013,5534,235.0,42
WmLdqQ_oHY4,2013,63998,482.0,587
F0I3RyCGeP0,2013,29296,290.0,322
Hs5NnUC2JtY,2013,10169,223.0,142
VR0LgXfy6eA,2013,57335,953.0,541
Zx4mNavgoV8,2013,23520,154.0,216
EB_ccH738tQ,2013,22734,210.0,167
MZE8f33K__8,2013,9636,320.0,139
DFTulazZFEQ,2013,20539,217.0,176
uX2HOyOz4YE,2013,710,40.0,37
N7GTBRWJHiA,2013,15674,190.0,113
zexskHmyw3w,2013,297675,634.0,6177
lcIBq9ieXBA,2013,35547,1242.0,70
ZggdnWjuRJI,2013,1072,358.0,8
2B2AjQhRRb0,2013,883113,623.0,16954
CBWT-yzLlU8,2013,236992,458.0,3059
um6vvJ5FOc0,2013,685,275.0,19
BNIb_FUQ_Xc,2013,518,16.0,2
7r8o3FlcdAA,2013,1062,51.0,1
mHHN1f88Kdc,2013,1022,37.0,14
HmcXO1S9bIk,2013,684,24.0,5
1lJ-Q4Rn1Ig,2013,54628,849.0,547
Qf_VBwsdRhc,2013,606,50.0,18
3SM4u0bOlJk,2013,1330,249.0,40
BPFeNJA-w5A,2013,26755,490.0,198
1lJ-Q4Rn1Ig,2013,54628,849.0,547
um6vvJ5FOc0,2013,685,275.0,19
hjo7f6DYXZw,2013,1331,308.0,18
Qf_VBwsdRhc,2013,606,50.0,18
BDiyZ2vqna8,2013,1034,10.0,5
98-I4J9HJQI,2014,472815,320.0,5040
PM79Epw_cp8,2014,6701944,240.0,124176
gch-KBzLLyg,2014,254454,31.0,18
PscM5nn39y0,2014,386223,116.0,46
B_02SdGwBv4,2014,8651,122.0,13
h7L6CbOaIEg,2014,709445,464.0,12825
wNUD3JeKcl4,2014,304652,334.0,9005
5VolhQCqq9c,2014,2864,64.0,5
3EVTUxJtiGk,2014,2181,124.0,13
tRFt_bO8mIs,2014,229767,209.0,4334
QQDXDMwUJiA,2014,5595,58.0,13
kCoXkjWL0dQ,2014,1460,120.0,4
wVXpHwgPHL0,2014,1062,155.0,3
semyy_C-Nts,2014,277887,215.0,2228
adgiFKJKHLc,2014,12694,216.0,61
g4HJwLnPQAE,2014,7602,64.0,8
rP1LeyN90D8,2014,1233,71.0,6
-5j0EBDVHL8,2014,184068,449.0,2619
yFZ_HAj7WuU,2014,2080,152.0,10
XuI6N4OmNcw,2014,5427,166.0,13
-5DMlABmcZ8,2014,1785,159.0,14
Vsk9aVWY5nw,2014,334308,201.0,5163
5FtUg5THk9Y,2014,698,40.0,25
WIH-JoPCSiM,2014,12149,161.0,517
iCj8WbLyhT0,2014,41895,49.0,255
7dEe-wPe-FE,2014,304456,98.0,4794
qwYDXwg4A7M,2014,258,133.0,20
qP8aOWZU9wk,2014,160,30.0,13
C5uR5tHq68Q,2014,1001,129.0,2
x2mQYdyzpOI,2014,198762,517.0,4755
3kydE9PW0H8,2014,1623492,228.0,1589
618NtOqlGDc,2014,8852,149.0,28
aqNw1nhZ-Xw,2014,507,282.0,27
BMjTNbK_5bs,2014,213,33.0,13
j7PfxbPaB8g,2014,25971,143.0,56
3_SoFPd-WIk,2014,451107,97.0,313
B6US_aeSQmY,2014,1349,6.0,28
8zyF3r-3eG4,2014,111555,166.0,309
fhI33a6rZLk,2014,1589,30.0,14
RHDG_rZtX68,2014,316963,214.0,6707
JX1ebvqMjOw,2014,100,162.0,2
x4obljO19-s,2014,607,100.0,22
TpW-3IUp3aI,2014,727796,180.0,13954
YrZBGnIeoMs,2014,5134,174.0,117
HF5AyR1ewFQ,2014,206461,607.0,7399
JX1ebvqMjOw,2014,100,162.0,2
x4obljO19-s,2014,607,100.0,22
YrZBGnIeoMs,2014,5134,174.0,117
C5ekagH8wJ8,2014,9106,158.0,24
Zk7WEK4Rkzk,2014,1529,89.0,4
6tpFcrp1ivM,2014,223822,105.0,541
AGF3RHnnueE,2014,1827,34.0,6
ZB8pm3IfAKw,2014,569,160.0,27
aEBK1r5fLp8,2014,469,266.0,17
nbaSMFNDybk,2014,4332,71.0,84
dsZ5fLVMLfI,2014,373,102.0,13
ljRFJz8idEY,2014,202436,800.0,0
WKdhttEl_BY,2014,424,173.0,3
rij-vUFqhcU,2014,386,219.0,7
SCnpGNLDzhU,2014,3081,178.0,14
E5BYD-9Ec1w,2014,1311,40.0,33
2OjNNtfembY,2014,1158,146.0,39
Rl9ukSfBSlQ,2014,1039,94.0,39
jn9SMDCTLl4,2014,185,187.0,13
PXht1CzxI9Y,2014,375,443.0,17
9MU5kuhGsU4,2014,161154,499.0,1135
_BJ9mGvFsG4,2014,778,295.0,3
wjIMWuBSvLA,2014,7647,320.0,61
-bR4WddD2_A,2014,890,184.0,51
I81rKJytYZI,2014,851,2422.0,5
7ylQzP-0g1s,2014,1010409,352.0,35849
D8lYPLwprYg,2014,172,67.0,17
ttTOj9yJU-U,2014,1591,140.0,58
z93kCj-E3X8,2014,495,311.0,21
7TMjvVxZqMk,2014,164,30.0,3
I6C255TtFPM,2014,428589,269.0,500
poEzICSDJ_c,2014,489,1707.0,21
pMw7Fogl6tY,2014,73017,3437.0,1076
qowXBUBI8hI,2014,628697,77.0,6194
d9AuP5jwvKc,2014,2768,35.0,59
I6KfzbqbFU8,2014,13535,7.0,100
B6kfaTXsFoM,2014,3501,27.0,50
4kLNfIRejXM,2014,726,47.0,8
EqlyEYOI754,2014,188651,600.0,1421
fiZtUPxh0N4,2014,2163799,382.0,7644
wUia0wo5Yc0,2014,603,40.0,4
UCT4U8N3s5Q,2014,153,89.0,19
vSeV6FroxlY,2014,262,49.0,5
3uCQxgE5iRk,2014,188567,262.0,2295
BNG4qfYt9Jg,2014,652,168.0,15
5ib0U5ws8gc,2014,254,60.0,7
zKy7a9xlCVQ,2014,322,202.0,14
DwmxpZWGG-g,2014,433875,410.0,2589
6lpWehZGr9E,2014,1132,298.0,25
oMJr6LcuSwc,2014,151925,356.0,717
q2USa_0LcnM,2014,600707,263.0,117
bjq8eGHbiCg,2014,6181,240.0,29
ZTvcmh5tuVI,2014,533,105.0,2
iLagcAx5TLI,2014,7138,91.0,33
LL6XmZKgJmY,2014,1094,3042.0,30
Lgw0iGxdcyk,2014,201808,255.0,3840
YMLEv3OKvYo,2014,18353,296.0,116
Qpwd4ExncyM,2014,6082,12.0,14
RYX4J_prhlI,2014,2634,67.0,62
M6z6-eq0RT8,2014,352752,131.0,783
jzR3XyHApfo,2014,14377,489.0,148
T3qn6XggHAs,2014,7224,367.0,156
RYX4J_prhlI,2014,2634,67.0,62
JNnavKi9FOs,2014,3662,150.0,26
86Yp6-xc6xw,2014,469541,214.0,3369
0jfyDEjPHZc,2014,5805,197.0,52
PwqPEFqGf10,2014,511394,1236.0,2031
EiN8TOjq1es,2014,843,193.0,11
HRw1eNERqyA,2014,2016,173.0,6
676Fl3nwn2k,2014,1314,153.0,6
RUP69rV-1PI,2014,7342,101.0,19
MgXFhLVV6QE,2014,463,295.0,6
xX81Hanv4yg,2014,1170,219.0,3
efMX9GAkCoA,2014,687,310.0,4
GUrlIwyr0vA,2014,419,59.0,4
opn4DZLt04Y,2014,511,60.0,2
d3FzG7jui3E,2014,428254,659.0,3606
zkrf31G1iBE,2014,4178,39.0,11
fnV6QCa-eHc,2014,15150,2483.0,73
SWiNL_FFyBg,2014,199946,1047.0,2882
r7__jtu877E,2014,89861,2244.0,220
keuhyaq1bDo,2014,31352,719.0,301
CeABOIb_18k,2014,4817,53.0,41
cgtaaKqvj6Q,2014,644731,832.0,805
ZnJbbfWkD3I,2014,2188,17.0,0
VrbqcbdkULQ,2014,162347,187.0,740
Hc5Dxwk35Jw,2014,756,37.0,3
HZ3kQIYoUsg,2014,447,30.0,3
1h5mFH3RRV8,2014,1698,40.0,15
floM739jj08,2014,397,24.0,4
NNFsCFi6yR4,2014,6271,20.0,18
DeX8vv5_3mo,2015,348986,34.0,607
jNgP6d9HraI,2015,17939640,518.0,288646
9NXIo6PIb5I,2015,35358409,254.0,461329
BF_RCRb15cY,2015,2448286,194.0,5599
JEYh5WACqEk,2015,11286735,728.0,269246
5H7hbK8i5-Y,2015,92205,202.0,936
ptMkEQhtEew,2015,38074,153.0,159
HH9niGE773o,2015,4328,159.0,29
xVqCSDyoFu4,2015,982708,152.0,131
Ky0XDMIXd2I,2015,190549,258.0,3743
GZqTrNwL2Dc,2015,3709,101.0,20
dreqaEMtRj4,2015,11340,93.0,13
LJyW-U35RWc,2015,390801,105.0,1381
qpj87cKaNh0,2015,965489,626.0,13085
hHzcy2KKYiQ,2015,461965,415.0,6295
-ZQZKOyqHe0,2015,220970,139.0,1221
1Dg4P3Mlo2g,2015,167730,371.0,3614
G-D0JQ2aZ5c,2015,4901539,533.0,29626
UvfCOOMhQ2o,2015,1518,112.0,63
VpqfGwj4R5M,2015,94160,16.0,119
xu_mRAU14dA,2015,29876,78.0,27
YsPMi8qNevo,2015,6672,76.0,23
O_fBKCpqGuI,2015,156826,214.0,367
kn0NnPQ6wBQ,2015,6288,204.0,68
zw9n-LOxLwU,2015,1216,68.0,9
SK_vzBFUhFs,2015,224497,76.0,690
MKAl8LxRQ3M,2015,113,10.0,8
3t0vtRN2vVk,2015,331420,826.0,3290
Dbg4QV_Q_c4,2015,1209390,548.0,18464
xR8gIMCMygM,2015,147701,47.0,101
LaQNi6V0l8o,2015,471280,254.0,7037
VSmtg0zYKc4,2015,710078,400.0,4722
hwDkQEOSo0Q,2015,77,11.0,4
RZLABK5GeJs,2015,5897,178.0,24
2fxOocW7wcw,2015,1312,281.0,12
5hkOUMJqw5c,2015,1502,115.0,43
bTVBqUFcnuM,2015,1585,211.0,2
Wgj4Z5TXv_E,2015,23644,232.0,19
ft-bMk4ji6E,2015,111042,332.0,2556
8_dg6I4h7Po,2015,10531,129.0,19
5eBZ-iqZ_SY,2015,657,64.0,7
eBORTSTGA_I,2015,1960565,146.0,8845
cxtdtuNXMWI,2015,868671,377.0,16743
aMnvQU-TLts,2015,225033,338.0,4180
ZBf2OS53f7s,2015,395495,81.0,442
ybsTg5-mVTs,2015,523029,738.0,2333
hHzcy2KKYiQ,2015,461965,415.0,6295
8SS19wziC-M,2015,66589,303.0,1108
jzXMSh5MQm0,2015,2540,330.0,0
3t0vtRN2vVk,2015,331420,826.0,3290
5eBZ-iqZ_SY,2015,657,64.0,7
ZBf2OS53f7s,2015,395495,81.0,442
Xh-ycRsNB0U,2015,345170,340.0,3160
oE5DQ4KInOc,2015,140832,227.0,1762
0dCC9jlly0Q,2015,215771,670.0,4596
BCzl2IhkzPw,2015,4907,187.0,16
OL2cKQHPKCE,2015,950627,482.0,10038
jVtfQnJnjvI,2015,3879,227.0,89
9a9YaXupvSM,2015,371731,414.0,4459
jVtfQnJnjvI,2015,3879,227.0,89
HDgYX8Qk_ww,2015,74059,418.0,1173
C7--XdIDNLQ,2015,28795,484.0,833
ezR3KG0zF1A,2015,610089,363.0,11342
ZibHY9--yX0,2015,280,76.0,4
Omg3zkq_e3Y,2015,5482,240.0,133
dasutxEbuHQ,2015,140492,368.0,1923
wxIHybdcFq0,2015,44124,429.0,777
rxOiKAAZudA,2015,231197,285.0,2599
-SxottrtKIA,2015,26830,620.0,522
grCesFnha2U,2015,56360,650.0,972
e4_lynNiEvc,2015,61613,568.0,896
u1ESNnGlgzQ,2015,77654,416.0,1143
rFNJ3izXAiM,2015,32600,344.0,606
PCYIpb-uG70,2015,187301,324.0,2090
rJLfvppKUck,2015,39701,362.0,785
e4_lynNiEvc,2015,61613,568.0,896
ReU2TI22b70,2015,174,7.0,4
ScfNqdBhuBY,2015,287,15.0,2
grCesFnha2U,2015,56360,650.0,972
4VZ92zM6a5E,2015,181915,370.0,3306
17AOd9gmASk,2015,109,46.0,3
FpnAWu_jKb0,2015,4965,1173.0,65
-SxottrtKIA,2015,26830,620.0,522
igJm3HYNmtg,2015,126561,350.0,1695
rJLfvppKUck,2015,39701,362.0,785
2LSh2EFqfZ0,2015,375445,433.0,4023
fR18kRL0RPM,2015,4175,218.0,131
UonChBw-ff8,2015,149013,374.0,2969
4DTZwRK9Tow,2015,931467,315.0,1029
99kTrZ6kXWM,2015,10965,201.0,126
5EA2LKTQ6Ww,2015,19250,128.0,427
CShm9urd0TA,2015,536,226.0,3
-ZQZKOyqHe0,2015,220970,139.0,1221
VpqfGwj4R5M,2015,94160,16.0,119
73WADcBV-qA,2015,1071,1068.0,8
O_fBKCpqGuI,2015,156826,214.0,367
2kEBiYT4-ug,2015,449,1803.0,3
LaQNi6V0l8o,2015,471280,254.0,7037
RZLABK5GeJs,2015,5897,178.0,24
8_dg6I4h7Po,2015,10531,129.0,19
eBORTSTGA_I,2015,1960565,146.0,8845
BOHLZ66a7Xo,2015,82,36.0,9
xHCY1EdSAko,2015,69,47.0,9
ig5dGul8fjw,2015,528,46.0,17
o7ujankqx3Y,2015,157,43.0,13
vjSnMKhgyhA,2015,150746,180.0,1218
Y0Eqrj-PO34,2015,125317,406.0,1641
Cr42CjYkARc,2015,114827,3169.0,827
togd_wYjD5Y,2015,1055076,384.0,37958
kfWxKor32EE,2015,391,22.0,19
3t9vL34OV50,2015,871181,102.0,734
exGiIWSm8lA,2015,197671,198.0,1364
D19XdHzAXhM,2015,214081,278.0,4233
BAi6Kn-yHno,2015,157,10.0,6
igJm3HYNmtg,2015,126561,350.0,1695
9CjMkDpr0qE,2015,796459,707.0,6226
2LSh2EFqfZ0,2015,375445,433.0,4023
UonChBw-ff8,2015,149013,374.0,2969
4DTZwRK9Tow,2015,931467,315.0,1029
daZZG9cZt_c,2015,189264,255.0,1214
99kTrZ6kXWM,2015,10965,201.0,126
xBoCrEswHvQ,2015,1776918,1641.0,11203
vfcpb-kAKfY,2015,121046,245.0,552
woF47zaFU1Q,2015,283141,2775.0,4116
C3gP2PtHVNM,2015,87,10.0,4
cdDxXQcyvZM,2015,41403097,314.0,138537
X1zhuMWx25A,2015,5801,12.0,39
nW6c6aBdrmE,2015,613010,575.0,2210
MG0Jfun7In8,2015,630716,1990.0,17472
eazk9hzniHE,2015,423037,516.0,1706
qVDxwzocWHk,2015,112741,452.0,1349
D0e67R7N3Kc,2015,236786,291.0,2474
Fn9w3Uy7Zdk,2015,103100,211.0,601
BAi6Kn-yHno,2015,157,10.0,6
wpyX-jlDy7o,2015,16525,348.0,90
7vy_-Ss-RJs,2015,46736,1409.0,218
xQuTZxArBzA,2015,450885,850.0,12329
C3gP2PtHVNM,2015,87,10.0,4
X1zhuMWx25A,2015,5801,12.0,39
8GrePgc4cFk,2015,9,30.0,4
AtgWQY7F1rw,2015,2222,39.0,22
NPNRgCnMt1o,2015,598291,142.0,6476
AeWo_N3nUOc,2015,4697485,234.0,38822
JvFbCpUBmlI,2015,29545,62.0,91
Ht05MgkVIEM,2015,2877,30.0,6
kpZwyauUR40,2015,4013668,3149.0,14433
3me5lCehHhc,2016,426273,46.0,43
wfYbgdo8e-8,2016,14491692,298.0,493463
AyC1K-7GfCU,2016,2378635,109.0,16847
wOmjnioNulo,2016,15123982,383.0,397988
iOlAlgsFLN8,2016,3196777,161.0,12962
B03RJGMch-c,2016,3944578,229.0,34477
VDPSAy0iV0M,2016,8833398,373.0,30151
s2R_YleXVzA,2016,1427429,103.0,3411
r4TeOa4liDs,2016,185918,203.0,1451
Ne3sNoO2qZ8,2016,368635,197.0,3383
4ZLXMtOK30s,2016,219742,54.0,22
6hLSQOyjCaA,2016,283893,311.0,5084
VMpwjez84S4,2016,380015,289.0,1471
rStL7niR7gs,2016,20395342,1173.0,567210
075RC6sZfak,2016,189294,147.0,16
TVq73lzjlow,2016,576257,372.0,1587
GBzeOpWQUZk,2016,187219,432.0,2519
zpwRA9KQnWU,2016,8231457,499.0,46505
OT3PVdzcwbU,2016,376319,573.0,7717
PD4LFEhacxg,2016,183846,269.0,3991
34TKv7ZrhD0,2016,479195,501.0,8473
RAHqz7bdFwI,2016,440250,330.0,4568
9FjVeHsHeI8,2016,1445775,908.0,33194
e3WQyvBpzmk,2016,224650,219.0,2524
cuW0pgAR9x0,2016,1818,50.0,68
9KFC1cxkdFQ,2016,1224910,865.0,26596
x-c2xXkTeAw,2016,416707,209.0,4137
HprzRH1E9e8,2016,3183140,643.0,40445
4XwxZnYGqQk,2016,286234,145.0,4127
3LRJNPmxbTo,2016,447275,245.0,4497
y-ynB5Vw3Bc,2016,977143,671.0,27313
NqdzWkcXbbg,2016,32319,112.0,93
oKKSPXk4hqA,2016,3105506,862.0,31325
WtxQ2GQVOKU,2016,2296,50.0,18
XNXSawxF9Ts,2016,556979,173.0,7898
2odXx11l7S4,2016,77028,202.0,2368
P9i6zTM3aE4,2016,363352,406.0,5361
mYCc4Cjsp5Y,2016,1422276,300.0,12318
_1mvyis9fQg,2016,324923,926.0,1002
cgcOypeB_9k,2016,1082190,443.0,12666
si4CPMsd6uw,2016,2193109,693.0,19291
V_gy0ayT2us,2016,1526187,829.0,21180
Q7sLeMIa6G8,2016,300219,1807.0,7419
XNMLtLO4Tbc,2016,3512660,707.0,45637
SEo9Mn0M0n8,2016,195871,742.0,1609
X_ssq7op00U,2016,477839,334.0,5210
7oV4ttEI468,2016,4600,16.0,34
-kB8-xp1R1s,2016,515950,678.0,16342
cuW0pgAR9x0,2016,1818,50.0,68
5P_c9FlvwFs,2016,4427,441.0,23
4XwxZnYGqQk,2016,286234,145.0,4127
XNXSawxF9Ts,2016,556979,173.0,7898
NqdzWkcXbbg,2016,32319,112.0,93
0YJ1B8NL9tU,2016,9981,249.0,47
WtxQ2GQVOKU,2016,2296,50.0,18
AiOstp0hhAA,2016,387713,1444.0,10126
IvbGeWZSvMg,2016,230766,174.0,6858
P8WsuHnz0rk,2016,311,1517.0,10
vtj_NxbBIWE,2016,460052,730.0,10049
fiPkOwrQhvQ,2016,834186,806.0,3889
b9VkB9udpfg,2016,600917,612.0,13369
Qp2uw39WiDI,2016,56013,139.0,1422
7LwK8qssNLA,2016,6118,470.0,155
XARDE5CyflQ,2016,46599,1845.0,1427
8zGQRbi24VM,2016,4200,301.0,7
IkMB8j3QSvE,2016,813069,803.0,19621
0K9Jc7YpHsA,2016,998492,845.0,28426
VP9vo9-NNo0,2016,536883,167.0,360
obOb31Es7C8,2016,1420611,345.0,6737
ugZrl6qWnC8,2016,18894,948.0,370
91_EMZnsDGU,2016,171565,90.0,26
k2fMB5RmA4k,2016,4906775,309.0,22630
PK8zzdh2h80,2016,1129338,226.0,10219
KzFP6MNN1v4,2016,149452,603.0,2120
L6l0xTHYBEA,2016,881,24.0,56
JQNwQjjPvCE,2016,1527,50.0,42
2Do710BdB80,2016,985591,698.0,16584
VYQqnmcHwQg,2016,483115,614.0,7834
S1yH7T3dCok,2016,654777,1143.0,9455
fMLx3uNlL6U,2016,37243,264.0,1135
4Rxw221cFDU,2016,70,7.0,9
DXn_lX09KKM,2016,9087,813.0,33
42aGZ4qh8Dk,2016,324734,1178.0,1913
EQw8RYrpmf0,2016,612152,676.0,12792
UGo4mG2SvHU,2016,269430,627.0,6071
6aQUfcrHUME,2016,57623063,523.0,189144
FTb6LIWirIw,2016,28901,367.0,1414
RqYS5BfnYiw,2016,2467434,1109.0,15871
HIL_kc8xnl0,2016,545007,841.0,9750
r1eFuhKQ3Tc,2016,33284,762.0,561
-8WELAuW7_4,2016,50560,574.0,1617
lB4_cV38Z3w,2016,36068,632.0,1263
UaXCwv_bKAg,2016,1681395,208.0,4074
UIE9gh8MD3w,2016,576385,704.0,6116
eF8utx-x8mc,2016,300532,1178.0,1925
HgmyksLaccU,2016,79871,60.0,1889
AyU6pcyqTsk,2016,120,3155.0,1
zI4XVEzUiFw,2016,251198,826.0,3077
1mqolVHW84k,2016,1294442,572.0,8298
UaXCwv_bKAg,2016,1681395,208.0,4074
x-L4BIexqPc,2016,534416,894.0,10137
JQNwQjjPvCE,2016,1527,50.0,42
6U_IMCqs_mI,2016,778556,669.0,12360
L6l0xTHYBEA,2016,881,24.0,56
BKPnOIpYL3o,2016,448990,727.0,12935
4Rxw221cFDU,2016,70,7.0,9
pi_O03ySdac,2016,49936,331.0,454
40MJTyYMM1M,2016,204299,184.0,18
tzCOMr7valM,2016,146336,592.0,1749
I9gbqgJE7w0,2016,1878313,934.0,18568
rrbro6g9BYg,2016,789,40.0,5
pwyAHrm9j5A,2016,296724,250.0,787
H9rmNDl1xeE,2016,625,58.0,4
0UufyQUSwsg,2016,985381,465.0,18940
eBH0KlxYbb0,2016,23860,211.0,596
ksO2S0XuA30,2016,136,39.0,8
feVZni33qCU,2016,2117727,835.0,14308
G0KQ4pofsOs,2016,19754,209.0,462
nYPM1arDDMI,2016,275,54.0,4
j-OXrtQUIZI,2016,288867,1693.0,6976
Aa7O2A2Y18I,2016,58547,605.0,199
_jBktIImbx8,2016,897,196.0,12
TSrzHYqMdhg,2016,1570,31.0,23
rKITaW2dlC0,2016,27998,609.0,115
Aa7O2A2Y18I,2016,58547,605.0,199
454Zd51tzaY,2016,112153,295.0,2292
Zm8IOabKuMs,2016,143142,821.0,754
FGPbkGga9Rc,2016,192,43.0,23
PyZKrXbETWo,2016,126,31.0,9
gFJPAOUb_3Q,2016,3611,564.0,16
OR67nYVBjOc,2016,1082,48.0,4
ZHPVljMeEu4,2016,91,33.0,15
bpi7zRtqwsA,2016,203127,1178.0,1064
2WkDLVu6suA,2016,723769,427.0,5109
fI8US8x0Bnk,2016,1090315,745.0,2660
NlLUq5-SwV0,2016,9750,72.0,328
v_3Oe7-W91A,2016,20279,2096.0,64
Yeu4cebEpeQ,2016,195136,699.0,478
Ax2agrG5fo4,2016,539743,816.0,2115
_OeVG9KE-HI,2016,14437,25.0,0
9OYt-eCOg7E,2016,353,21.0,4
gjM_lo7SzLk,2016,127,12.0,6
cCE_KjB9QFw,2016,142,34.0,4
uXruKMg8ZYg,2016,1080946,539.0,14600
8HAxaHJfwj4,2017,339118,298.0,2452
wvWpdrfoEv0,2017,2117368,143.0,84137
kS2q5XH638Q,2017,320860,126.0,730
Erp8IAUouus,2017,10997464,469.0,259703
BGbNizFVz-I,2017,109979,294.0,687
Sv2tok2ycXA,2017,5259992,338.0,25418
KIziIE4M0WA,2017,7404756,386.0,30333
tlI1pMCip8M,2017,179267,76.0,1367
AfXx4CifcOo,2017,396263,215.0,33
T2ZjCuGi9xA,2017,589517,304.0,8123
lc1M-tNoqx4,2017,287485,264.0,1640
rJFTh5CrPO0,2017,1145655,408.0,5974
cgTE_09hEDU,2017,4418537,615.0,79112
8d6ZI6gyGnk,2017,241594,237.0,1611
2sT-xjyZZsc,2017,3675788,353.0,18566
2LumF9U0_jc,2017,493797,27.0,20645
380iex-nies,2017,7093830,333.0,84159
ta1Xvnc_4ro,2017,818958,80.0,2236
h-4g52Uc7eQ,2017,329917,551.0,4932
77tZS2E6uNk,2017,492842,188.0,6
fh68paAL29U,2017,4108609,321.0,81946
t1wYBAulzWU,2017,133018953,158.0,1721335
xieTW-4Nimg,2017,375844,37.0,10
v9l70O8AUcA,2017,466471,634.0,6093
tmig6k89DKU,2017,162411,702.0,234
3N8vJZNfyCU,2017,173563,445.0,1876
5Vq8xHuey8s,2017,4558818,377.0,16225
0GGzf5JDo58,2017,266627,649.0,6574
AgiKL_2bRn8,2017,204207,495.0,4745
-lchzO44B0M,2017,652144,654.0,9297
jcvreDguURg,2017,307107,315.0,13980
CzvlH0wXoNc,2017,360594,406.0,5855
iETjftbFCZE,2017,270037,439.0,2438
7v14iFR9TQM,2017,541283,714.0,7692
mMacypRx4Io,2017,213155,626.0,6657
ninBcp12ssI,2017,294587,108.0,4760
PcPLvbeYDRg,2017,8723434,824.0,92001
61JoF5b3mlM,2017,2243032,683.0,23000
BCXCFFy0RvU,2017,187207,443.0,3292
ju5m5aOxHn4,2017,417297,867.0,9547
_mZEQ--_Ii4,2017,30859,515.0,112
vmt8MkEtCFc,2017,907475,628.0,7470
61JoF5b3mlM,2017,2243032,683.0,23000
vmt8MkEtCFc,2017,907475,628.0,7470
-NVqZbWx3Bg,2017,337830,456.0,2253
ju5m5aOxHn4,2017,417297,867.0,9547
ZDOuzhaUhnk,2017,2293004,973.0,27170
3i26OX1FqA8,2017,62130,255.0,2002
1xI42WTAwrk,2017,53687,126.0,1718
E_P_CMq_zk4,2017,1179011,566.0,16820
bdSwf2i6eKk,2017,2535472,636.0,35381
yr5Uv6YCgsU,2017,366206,670.0,7676
PcPLvbeYDRg,2017,8723434,824.0,92001
QlsstDzESTM,2017,3240382,444.0,23069
-ZQjAevcBek,2017,303092,700.0,3160
vpA-UboheOM,2017,1246708,590.0,19462
Y_hQQnr9yM4,2017,479414,274.0,14867
UPp2WEjvhpY,2017,62366,592.0,2524
jVEWWphRMHw,2017,530287,633.0,10328
hqoQKcIGJC0,2017,282281,620.0,4369
98DcXSWE0cs,2017,2580814,648.0,33859
-mmnYlbc_dE,2017,212023,2615.0,5566
VKpcHzrncNQ,2017,3063730,150.0,37802
gll6bw68nS8,2017,349408,734.0,8355
DiLV4AMb3nc,2017,449992,810.0,12922
hvJJIGT7YKY,2017,156600,1374.0,3475
ni6nmGli1qU,2017,430219,817.0,8827
nKUzwPI80cU,2017,544649,946.0,8143
k7-LgGu7FmQ,2017,365764,975.0,8677
P_eeJVBSrPE,2017,283592,624.0,11850
DCX3bvbdC5g,2017,2447,56.0,108
OhATtfwybYs,2017,687524,629.0,11134
qdP-eZ7Hhaw,2017,270087,171.0,60
1EUzH682UTo,2017,1056238,323.0,21339
tjLtxS03VCA,2017,1013,31.0,7
v21ahkRakec,2017,1842127,749.0,20742
MkBts5rx2wI,2017,931273,196.0,18228
bYr4twGHE4w,2017,4421148,282.0,93443
SvEPFzhpV-g,2017,462202,700.0,9211
4nzU5v1Iw7Q,2017,19103412,334.0,148901
OXjtMoPw1wU,2017,703145,225.0,2899
fnEmkCUyad0,2017,285532,1097.0,6153
QOn47-Gindw,2017,4320944,291.0,23112
iUz3U5z4lt4,2017,344887,354.0,7737
ZJKvcKYkmk8,2017,421,29.0,48
Eu6qWekh5D8,2017,867448,543.0,11301
iRwpbSunftE,2017,676368,730.0,10472
TPmVapRFE0o,2017,869548,215.0,3647
IPPRYFymyJ8,2017,686177,741.0,12444
qj853B0PTEs,2017,678385,803.0,9558
zQyJ6oAxep8,2017,277105,685.0,6201
J9y9XPsYRpk,2017,336759,994.0,7080
9cB0ea3mDsI,2017,410172,713.0,8517
CRNrGIQOZpA,2017,910773,969.0,13261
5FdFHSOjvWc,2017,728008,921.0,9569
phyFP32N7JA,2017,138826,249.0,4192
8ilCZkoCwXg,2017,362380,156.0,684
rHvfB9qCxt0,2017,1433,39.0,38
Tc3jYFW4ofE,2017,84230,759.0,3338
B4HUX9ezsMM,2017,1809,30.0,12
GSf27Pc_YVk,2017,5206741,572.0,79289
4qNJB6Xiyqg,2017,44400,59.0,74
8Fst5Rnqitw,2017,320,32.0,16
dE_-HvWr-QU,2017,72348,290.0,213
UNg-fXAl_1o,2017,6210290,604.0,146665
AgoiyZzgc6U,2017,3997167,364.0,89003
4BBqkaYhlrs,2017,65290,389.0,263
ZTwclHyQ254,2017,741680,934.0,13302
xUp7xNpOQ9o,2017,177205,372.0,1830
WxXE8_mIQhw,2017,143,47.0,10
cuZI7huEi3M,2017,777723,158.0,97
hbhK3omx0ks,2017,96168,124.0,22
JNvG-zB3D2Q,2017,157,53.0,4
M_RRThu2IkQ,2017,1603,132.0,17
T2RYD3NZJRs,2017,684634,500.0,9927
uXBiwnxx8pU,2017,908402,527.0,10837
ietPF62dE-I,2017,2021253,601.0,37364
ediJOlBciC4,2017,222641,207.0,1088
NNJ6brhCufM,2017,4400,180.0,85
-EJtSMC_vVc,2017,526,37.0,3
z7CTpXiTk44,2017,34033,245.0,444
nigdKm4AdS0,2017,92550,265.0,454
vK9B8RieKBs,2017,123476,284.0,814
XgRIswmJgio,2017,7797,26.0,84
wyfW5bQyxwg,2017,41258,574.0,139
h52uKo6mris,2017,273484,399.0,4837
yyx8ROmY_XQ,2017,793043,637.0,9059
irnlgT4hN54,2017,616270,1068.0,11867
breQ6_-Mhi8,2017,207767,364.0,754
m7jhPEZNrCQ,2017,1011,41.0,11
r-zvOq-iRUs,2017,65117,1042.0,2338
depkkuChUiA,2017,11689,242.0,70
O0s7KsmtIeM,2017,200097,527.0,165
5Kfgd4bJvso,2017,200739,342.0,3476
1G-zjAAZzTg,2017,383695,578.0,3766
TLK2SLtDHNs,2017,676332,435.0,11993
ZzLXtsRYcnE,2017,228280,384.0,1118
DeEZjstUBII,2017,287678,1252.0,6873
sPVmOV-1BVI,2017,1312,22.0,26
I1PnEt9wQtA,2017,154,44.0,21
aruC5b1rmLE,2017,143673,159.0,668
oYcqUfLhWvo,2017,160013,819.0,793
uwtdLGOQxLQ,2017,218760,425.0,395
6JlPDTe909Q,2017,1809,25.0,16
Db_ZWd6dq7w,2017,14048,32.0,234
bstaQ3KJIUE,2017,207303,150.0,1122
zBwrQTPZNxM,2017,3179,26.0,22
T8cDT6_ujHs,2017,912171,407.0,2429
MrEnShZ7kpA,2017,4231514,87.0,6125
JPw1imZffDM,2017,34549,50.0,250
kItOu0Fo9oU,2018,748647,174.0,286
riU57Pn4fco,2018,579895,89.0,52
1Jmu9lqGgbc,2018,22756318,158.0,390404
LruaD7XhQ50,2018,14356084,535.0,266445
h1H2No24VTY,2018,211366,109.0,103
eGPNEaZV6cc,2018,5308884,135.0,100016
e8xwUN8TWwY,2018,222682,682.0,4519
eQ-yukUBuRQ,2018,1129817,131.0,29
Gvg1faavh88,2018,163607,104.0,35
2nS3eO-Tvtw,2018,231622,157.0,1874
7rlbCyj5fPk,2018,281005,150.0,8893
-8tofSAtux4,2018,492768,233.0,6750
PTuZn_cMjdo,2018,225266,105.0,918
bkzJAmkYYIw,2018,3660623,250.0,68773
kdTxybWNwL4,2018,3933545,277.0,74465
afRki2_aNKg,2018,154397147,135.0,2476840
cZYNADOHhVY,2018,9993594,764.0,387998
Q8-NgZsUp4Q,2018,245443,664.0,5611
7SqTcudkVCg,2018,3445,32.0,187
oKhujNvxJrk,2018,189207,363.0,4541
-Vccnljgyvg,2018,226490,394.0,5721
VV7D34dMVlY,2018,733165,195.0,1043
2czKhkummos,2018,389253,211.0,13024
btg60-Dwrw8,2018,476238,623.0,10403
13x37X3Wphc,2018,337450,114.0,20
5S2_Plu0e2M,2018,3072231,762.0,31138
u5YNHidprZs,2018,369387,618.0,4704
-JKjCWeg410,2018,320080,301.0,0
OeXdutJ0FfQ,2018,1294394,629.0,24132
z0bjZlAMWCc,2018,1912439,786.0,17578
1NZZtIDJtas,2018,230197,640.0,2436
HVZ4XOrSBf0,2018,52691,151.0,206
SuLEme5ov2o,2018,434797,698.0,2277
44_FU7ngNOo,2018,858870,156.0,661
T_aOnn7ryIQ,2018,982,51.0,12
awKdWoQOZZo,2018,1475068,970.0,20952
kdkK7hbEzlk,2018,304308,595.0,2627
P8pqpr4DD1Y,2018,393633,536.0,5893
_goQG4f6a9Q,2018,5924537,378.0,21588
NhJ_85RSUp0,2018,435739,676.0,9034
6ut4ld7oiJw,2018,668159,502.0,12198
oMBAxWTf-vo,2018,159338,544.0,3540
r1Ur6CGGInc,2018,1579,147.0,19
9U-9v09yd5c,2018,2587175,879.0,11753
9U-9v09yd5c,2018,2587175,879.0,11753
YfZ73SK2_vA,2018,769049,694.0,6368
mbXrwzbyT7E,2018,2432241,264.0,59545
SXRyHIOGDOc,2018,278139,87.0,4574
m6haVJUDyBs,2018,300223,664.0,2531
hOp2sGUoUuc,2018,650318,545.0,9955
dWJTYN6qf3Y,2018,594024,644.0,14147
jb3rZ0n-4H4,2018,1309086,780.0,20264
n9CUHkbLw9I,2018,617098,672.0,6800
GmxJWc85ndo,2018,201688,113.0,7489
sfcyn1oO-Dk,2018,2018140,781.0,32218
fP-o7hrJkKo,2018,1114919,965.0,18420
A6xe4tKdx_c,2018,6616982,169.0,145198
-5Ge_s9HTLE,2018,1365850,1673.0,21410
A3AefrMdo6c,2018,3404979,229.0,93605
6m0Uv9WLMgA,2018,23778435,134.0,391365
0DPdwIGPh38,2018,207506,277.0,3808
wGssqUdEbUE,2018,295857,660.0,3275
g_MP6BENHEs,2018,8722105,153.0,76605
__C9bJjKUOA,2018,1326728,238.0,5713
OXcwrMDljMU,2018,775209,412.0,3711
zGFpQT40msA,2018,281123,696.0,2734
yAZA016gS7o,2018,5395,30.0,174
J7_bMdYfSws,2018,50037706,286.0,584052
xT5YXIiHN40,2018,755337,647.0,21435
P3TpGkRJUVc,2018,390222,147.0,3299
Qtwn8Lnum-Y,2018,22579852,132.0,350548
aOXPVSRxttU,2018,1994588,258.0,22696
jUpqX0pXhM0,2018,496769,402.0,6950
aWK9CcUjdAI,2018,1326,9.0,12
RJOrmf5Ykq4,2018,2112217,286.0,5436
naX3GvvumWA,2018,2921708,264.0,66013
LRt6TdSvHag,2018,82880167,285.0,912668
DYHvODnVdkA,2018,5314201,284.0,92015
GEJOvJzJibM,2018,5677113,609.0,25392
PlsFG4kp4EA,2018,4146473,345.0,16299
J1JN-FJMB08,2018,172,26.0,15
LUORMA2NvmM,2018,6719373,361.0,118271
3MkUbRfZwIc,2018,814563,606.0,4040
g152NOUypQc,2018,8045,60.0,176
rZrKgo8eBSs,2018,415747,863.0,6646
kxyEOD5_Hys,2018,976432,30.0,33
1KbxlJsceno,2018,613827,693.0,5610
oGM5tsKsjkc,2018,1783297,640.0,10599
sNcG-MIsITo,2018,200304,642.0,1715
R41r940V4n8,2018,228590,635.0,4734
4rYYfY0l14Y,2018,998479,1249.0,11470
QGwvqWi-zwc,2018,726,23.0,22
-zahWCFWFh8,2018,9306,31.0,3
1KLtZfnMKXM,2018,100334,202.0,631
aJY8rUOILT8,2018,35811,220.0,1050
o1LHIlhR6zo,2018,7048188,512.0,14493
-Chq0tSI8ek,2018,329982,378.0,1955
dd41uH3qXkk,2018,1061095,201.0,4194
GUYG4hgqmEk,2018,46693,227.0,419
huvfX-xsSsI,2018,53734,213.0,1365
VzvEcApmAcA,2018,74769,257.0,1037
5KQAH5uiPyE,2018,43479,274.0,585
2_bAgPcWeeQ,2018,27586,263.0,258
Do-6rmWIfGQ,2018,3251,153.0,3
T-yP-wapgws,2018,6086,295.0,96
IdeU54GFM-c,2018,1682,262.0,46
yCA-komPQ6Y,2018,2476669,2844.0,11805
xyZPFVvQNg4,2018,26204,1427.0,198
eZFY6GKG1Ew,2018,474,258.0,14
EFCU-qBLuKM,2018,409604,298.0,5903
dsR8q2wJ91k,2018,1521066,2807.0,6369
fOdsDXT0M5Q,2018,637857,878.0,9693
vpRxT1370bE,2018,4611365,2805.0,18844
zFDGONWdzxo,2018,7149,447.0,617
HA7bZalrnPs,2018,1058127,2805.0,5011
YFe4wXdRZWM,2018,1305,819.0,19
xfgKjAAfRIs,2018,40510,1541.0,151
HtU9Nr5Rb9Q,2018,14166,15.0,129
PiSD3US9yPo,2018,11861,636.0,777
-klPo9pilc4,2018,2021304,654.0,10780
WKmJM6E_Erw,2018,2105,10.0,17
cF8YFEKNDJM,2018,175803,355.0,5601
RsjdmfH6JdY,2018,501,15.0,5
sC352-MGB_c,2018,3177,16.0,30
5ec3nDNDzKA,2018,6504,605.0,567
8_3hNqN-4yw,2018,1130917,1130.0,324
GlnokBpi7W8,2018,3219,15.0,48
_-IRZcS0KUA,2018,34174827,633.0,54904
52dVSZ5LOQ8,2018,244987,631.0,5393
abrc3mk0vho,2018,90,54.0,16
X927uLjr-kI,2018,484623,311.0,885
_dRnV_P71P8,2018,1338594,424.0,5495
DbUaprLtkKQ,2018,25877,1417.0,157
gn7mgP-v1zA,2018,22312,1397.0,242
HABp-Sa_Zcw,2018,131233,1843.0,710
hXX8bXS6U2E,2018,8791,1408.0,71
bgQQwLUOQ1M,2018,290305,424.0,6192
dV4x2wU9Qro,2018,94927,1389.0,442
jUJwbaMKffw,2018,528308,562.0,5089
93I24BDhOeM,2018,200788,540.0,519
zEp37IR2MZs,2018,357,30.0,7
5Jef-ncdnBI,2018,33352897,725.0,89790
BWwlX56ctXI,2018,420566,60.0,3731
IZrd45zTvh0,2018,544,15.0,4
LVll-9nLpwM,2018,375,44.0,12
AmNMfvZq8jg,2018,1985,57.0,12
YOGkc5ZotyE,2018,4620,37.0,147
yBxjwpwmZmA,2018,443,57.0,10
L0eKNfN0lk8,2018,151,16.0,8
j1XaKXm3wpw,2018,858289,343.0,4216
uRDGzy4woh4,2018,2151,58.0,88
p_zWnO88FJk,2018,1018284,375.0,5238
sRAAjL_T5dU,2018,1597201,828.0,7958
Sg_iTgnFbH8,2018,1308073,526.0,5320
z5LTajeIsxk,2018,4182444,274.0,10792
sOD_sI_yJBQ,2018,10864914,242.0,33993
3LYhmn7qWIw,2018,721644,284.0,4536
Mx6VUP-eiFI,2018,3573064,424.0,14535
44AiylsHKoE,2018,533,1338.0,31
cAbTcAs9lxQ,2019,255679,65.0,27
SumDHcnCRuU,2019,8752785,195.0,249401
lBCcmedmbhM,2019,2112655,124.0,35947
J1Yv24cM2os,2019,6004652,227.0,154414
0LS0Z8fgiII,2019,6020587,210.0,74426
B3C6XVjpSJ4,2019,2468658,146.0,39187
755WWCmxaOU,2019,778605,31.0,5
JyZ8wKTaHRk,2019,4686119,351.0,90976
tUX-frlNBJY,2019,5863026,394.0,177407
ohKPqGxotao,2019,3790039,143.0,57217
BijHBOcxZzw,2019,712786,132.0,23608
vX2dryLHGIE,2019,4334275,255.0,63015
FzZk2G5y1_E,2019,3854712,178.0,30497
kNtXOl1q9Rk,2019,698848,109.0,9
fPiACLr2ac0,2019,355547,200.0,24
uOCLYZdvSxo,2019,2583877,205.0,61792
-zeBwVrzuoI,2019,1836603,103.0,272
WwgAwZkYVcg,2019,1984261,124.0,59471
rMaeir_O_ZY,2019,366416,162.0,29
hF2kTbXf1Iw,2019,375676,145.0,9233
OzEfYvphugY,2019,340508,30.0,5
uW3gbuNzsqs,2019,171796,697.0,1864
l-kHz0EL9lw,2019,85784,110.0,233
iwZSWRELnj4,2019,4012,188.0,46
Yoxdwsa-CGw,2019,593367,777.0,5805
M367lZPe0Ng,2019,3358,61.0,29
X3HZEQb_FpM,2019,789788,16.0,4
Wf-RjBqa_-Y,2019,309436,602.0,4112
Sb8lDH8w-AI,2019,542365,301.0,4471
Yb4EGj4_uS0,2019,1190989,344.0,14229
mLuIqviE1Ek,2019,3947457,562.0,81239
n4QprS_0sn8,2019,134705,168.0,3698
Yem0PQzowY0,2019,221129,602.0,7002
_43mQ66Invg,2019,425004,101.0,249
74MhsMfgrr4,2019,296410,482.0,8977
-Sd-WQ6Ur0Y,2019,154558,138.0,4759
B-G--8AG63Y,2019,235822,529.0,6510
61fM1pzKfXQ,2019,691,56.0,7
FJy6mA2X0_Q,2019,218646,536.0,6046
0yjLKLAZOaI,2019,504730,607.0,4556
cmM0WUIiGKc,2019,345829,1067.0,6202
0Nl9Aj8N7ew,2019,538769,732.0,7415
Pi4uirlI0k8,2019,603717,1012.0,12397
zB72p2-op5U,2019,180807,245.0,3897
pU_6yEt-OTA,2019,314904,719.0,3256
YJeQskL-zL0,2019,1907011,687.0,13537
Feib6FW0vPQ,2019,471045,414.0,11964
Tq0CS9MuePY,2019,220648,162.0,4
3z5A6kUMWsU,2019,222668,152.0,21
Yem0PQzowY0,2019,221129,602.0,7002
_43mQ66Invg,2019,425004,101.0,249
nTKqjnSxfIU,2019,317838,235.0,7006
-Sd-WQ6Ur0Y,2019,154558,138.0,4759
Umnt2faH-AY,2019,4014627,614.0,30158
61fM1pzKfXQ,2019,691,56.0,7
aPjbv0lpzSI,2019,827417,521.0,13267
PSfPAbUuGuM,2019,1786895,553.0,33966
I8uboVSf8rc,2019,813478,602.0,21155
zFhp4BHEVB4,2019,898709,648.0,11175
8IBrG3dPrwI,2019,250100,568.0,4891
cmM0WUIiGKc,2019,345829,1067.0,6202
Pi4uirlI0k8,2019,603717,1012.0,12397
AD4ibc0mCZc,2019,1441704,793.0,18067
nJvXDhM025g,2019,381213,606.0,10469
lstVIbf1Svs,2019,765202,666.0,19981
978_dzSPiMg,2019,171895,601.0,3497
Qs8fLxYFWQ8,2019,415512,608.0,5091
zB72p2-op5U,2019,180807,245.0,3897
27bLM4ZJ4qU,2019,294109,561.0,4701
71oZLogDeSY,2019,269257,548.0,4672
HlI3TQOd5QM,2019,1290377,616.0,7560
DTDASnq9BsY,2019,247027,133.0,7776
YJeQskL-zL0,2019,1907011,687.0,13537
deSdfZb1l5g,2019,379965,622.0,4329
MK1J_RFXizk,2019,205394,495.0,6964
aocd1QIYSp0,2019,448077,660.0,3600
z90aPpdKB7Q,2019,50312,71.0,1139
aa2lL6BGQ3c,2019,1056244,612.0,27823
vRNXpZVby1U,2019,721288,614.0,14030
OwLb1X-ZFfM,2019,543623,1355.0,100
3vdWH0nNmiw,2019,418062,442.0,3971
NpaXmQMnw3c,2019,247671,694.0,7358
tXF7rv4jIAw,2019,357211,211.0,17308
zjz99-pFtfY,2019,750434,601.0,19215
ZXjqC0EBzoM,2019,217917,562.0,6127
GcVq11rNQ2Q,2019,10354022,132.0,144667
thSVZv0tMTk,2019,949607,526.0,19074
Q_EjuxvUO70,2019,995322,1329.0,19172
ar9DyQYCT0A,2019,428729,80.0,53
ihBLsxMSVRQ,2019,914101,1249.0,115
iU-rrLJG9u0,2019,2360125,305.0,32674
JnCSsQ4HLww,2019,3259912,474.0,15101
iI-vZru7orY,2019,5981259,36.0,44301
xJyl75x6hiE,2019,9352507,269.0,116685
VdxWtVmWt5U,2019,486738,1244.0,9220
Jf1o8rdqwyE,2019,14777294,215.0,135626
i9ZbrsPjZ_g,2019,3422947,365.0,48971
VPldeLBhC9U,2019,225818,775.0,3265
D2BXCzlOe4M,2019,617306,413.0,3005
9sz5DNk4peA,2019,244256,666.0,1634
3XNDHW9JGOE,2019,4176103,195.0,171
rQwFzNi4TtI,2019,8453750,309.0,34775
DLSAnjoN70k,2019,7298235,337.0,120726
xvVu8Kbpuqg,2019,9640442,349.0,169087
RL1TRJRXnFE,2019,346661,145.0,5061
q4tp4KeQRsI,2019,100990,173.0,2228
UJtl7XMOutE,2019,14579,1552.0,223
w3zH8WINixw,2019,69,28.0,10
oaVvnRQFfgg,2019,28,15.0,16
cwBtZp3tBdU,2019,110026,216.0,2038
p78oLioAuqs,2019,984877,240.0,23529
_9uubGlzlAY,2019,17214,234.0,164
hy3BTr43q5M,2019,35390,236.0,229
8cX4TCDFVZM,2019,209165,357.0,6992
ioj9tgu-RD4,2019,2627,48.0,85
ksnCXYD94I4,2019,6323,39.0,140
6IZ2N4EidRU,2019,479578,507.0,15602
Nx_4SrXbtwI,2019,14772788,1682.0,187373
Q90RGwuEikk,2019,47656,515.0,848
k-9TsVLtRI4,2019,4212249,289.0,112873
DxmRK6wKP_o,2019,247,23.0,19
dDOKD1X2PHs,2019,137965,312.0,599
eLVJ7UOq5nU,2019,35859,247.0,459
OW6BxNXTsfU,2019,279223,185.0,1916
-skE9bCJK7U,2019,1033125,165.0,1484
5BBix55KqcY,2019,32900,279.0,281
0n12KOY-Vmc,2019,24361,193.0,209
E2nzq09riLI,2019,86,28.0,11
E7RDduyi2ps,2019,274,56.0,5
PTYRl02Ty3w,2019,3632,975.0,42
UrnLQsHZz-U,2019,2396,103.0,111
XjJ7o-8SwI4,2019,12363,249.0,240
VKdIwjDNvGc,2019,2555,397.0,18
d31wwtoph3M,2019,76055,340.0,377
eTBeX3Zf3BE,2019,12882,1038.0,105
PuYgZzkeJGg,2019,4511948,602.0,34193
nsiAi1mFs0g,2019,7580591,621.0,51159
T4nm0t77gpA,2019,85549,224.0,593
J_rWzqyBsuM,2019,181401,236.0,3916
ARDJy_KWXgY,2019,303026,777.0,3400
1WbWUJ9zjNs,2019,6130,212.0,52
Nx_4SrXbtwI,2019,14772788,1682.0,187373
T4nm0t77gpA,2019,85549,224.0,593
a7H36gTnk2k,2019,210044,65.0,2441
1WbWUJ9zjNs,2019,6130,212.0,52
J_rWzqyBsuM,2019,181401,236.0,3916
d31wwtoph3M,2019,76055,340.0,377
VKdIwjDNvGc,2019,2555,397.0,18
_LkRQT1Z-vc,2019,537333,631.0,7997
PTYRl02Ty3w,2019,3632,975.0,42
eTBeX3Zf3BE,2019,12882,1038.0,105
PuYgZzkeJGg,2019,4511948,602.0,34193
nsiAi1mFs0g,2019,7580591,621.0,51159
HfInepwv_qM,2019,18380,216.0,503
LMtUy5rUFR0,2019,27840,1053.0,210
-7JFh-QrhCU,2019,1499580,2899.0,9778
GmmAgwyUb00,2019,133675,16.0,4310
4o5SqZHn9nA,2019,239559,677.0,1574
aiwOfdzjICE,2019,4886,57.0,73
RnkLOE0m7p8,2019,610,60.0,7
I29guXT-7As,2019,541,56.0,5
2yRiPb1ltT4,2019,29071,1028.0,170
3zG34kAVIwU,2019,828102,97.0,24
V6VxxUddOrw,2019,150054,997.0,742
UQPXSyLv86U,2019,3754,476.0,31
aBR2yW7m3KU,2019,105,56.0,7
GwH9xyrwVbM,2019,16959,1034.0,207
4hWYrWzAXBc,2019,1254152,418.0,6731
JJ46MguQoJE,2019,976496,270.0,4419
ilTIrKgO_ZE,2019,6315107,395.0,25210
efF92rl95NQ,2019,780437,741.0,12991
SGnAUJoI8GQ,2019,232573,2626.0,2010
6o6jPZOKepQ,2019,290629,1576.0,7129
MxVVdCgHghQ,2019,553,16.0,0
PuYgZzkeJGg,2019,4511948,602.0,34193
nsiAi1mFs0g,2019,7580591,621.0,51159
HfInepwv_qM,2019,18380,216.0,503
LMtUy5rUFR0,2019,27840,1053.0,210
-7JFh-QrhCU,2019,1499580,2899.0,9778
GmmAgwyUb00,2019,133675,16.0,4310
LPv7Dit9sSU,2019,363586,686.0,3279
4o5SqZHn9nA,2019,239559,677.0,1574
aiwOfdzjICE,2019,4886,57.0,73
RnkLOE0m7p8,2019,610,60.0,7
I29guXT-7As,2019,541,56.0,5
2yRiPb1ltT4,2019,29071,1028.0,170
V6VxxUddOrw,2019,150054,997.0,742
UQPXSyLv86U,2019,3754,476.0,31
aBR2yW7m3KU,2019,105,56.0,7
GwH9xyrwVbM,2019,16959,1034.0,207
4hWYrWzAXBc,2019,1254152,418.0,6731
JJ46MguQoJE,2019,976496,270.0,4419
ilTIrKgO_ZE,2019,6315107,395.0,25210
efF92rl95NQ,2019,780437,741.0,12991
6_SqW5byDMo,2019,310467,489.0,4176
SGnAUJoI8GQ,2019,232573,2626.0,2010
6o6jPZOKepQ,2019,290629,1576.0,7129
MxVVdCgHghQ,2019,553,16.0,0
XJoWO-xlVTk,2019,1919799,228.0,81236
LyHcjgwFxkk,2019,203992,381.0,1326
Ngja0eQ9mpk,2019,267,19.0,0
AU3TR4PKvTA,2019,355,4.0,0
iw8iprGMmPU,2019,593,31.0,5
VduMMamAVdI,2019,168,27.0,12
rBdV1iam5Ts,2019,6098,55.0,63
aDYZuHLfQmw,2019,752581,283.0,4366
NSBabkVHeNE,2019,1587105,408.0,5293
79UGt02ow5o,2019,3584,177.0,65
JjmX_PLgovk,2020,2718290,45.0,182789
MXOypGSnHzI,2020,238515,155.0,7038
hMDsmKRO8YI,2020,10985911,123.0,199213
CdZlocIhZfo,2020,791955,11.0,73
zVTbThoLTLI,2020,385864,150.0,278
qTE6hE1a_vU,2020,1293243,100.0,27972
JmohuhGTOFA,2020,1999104,134.0,51815
U6x1APTCfXw,2020,11446333,176.0,41349
NVGuFdX5guE,2020,4775601,384.0,225877
tL2X3Fy0BUQ,2020,17493074,100.0,217208
hsWr_JWTZss,2020,10618031,402.0,305848
hlFkzt6BQ60,2020,184608,150.0,1332
cbIsdtIi4Sw,2020,1052603,145.0,10564
jL_2QADpB48,2020,4151997,151.0,43379
COmW6r23zas,2020,2982726,271.0,96766
i4Gg7V76rM0,2020,5683796,85.0,64531
VOJ6M1k0gO4,2020,13100083,271.0,160857
QLK2DYoCH7s,2020,1510199,227.0,139517
3YFeE1eDlD0,2020,7465885,289.0,256025
4PciKCq-5pI,2020,278776,334.0,5455
snAhsXyO3Ck,2020,5358313,659.0,317586
tNGk9ctP7bY,2020,190773,167.0,18
JDm2tdYvKSU,2020,406481,61.0,26
9vkncb3Y8ks,2020,2781453,273.0,49021
I_GDNpn2Q04,2020,379493,192.0,13196
dDYFiq1l5Dg,2020,8953862,722.0,218247
zG43qvo-0C4,2020,368266,235.0,106
boezS4C_MFc,2020,9501129,629.0,239712
Da0AS7D59gc,2020,5286968,67.0,16
K97kglKj5pU,2020,169377,467.0,0
mpUGfvl27RM,2020,842046,324.0,21397
3SEfFauRHEw,2020,899262,383.0,17548
yzz5UG0RHVI,2020,198443,31.0,16
EhLG2BGRqcw,2020,211335,15.0,4
nw6doObQWEc,2020,7253,1711.0,296
6zvK812dBrw,2020,7595587,297.0,68638
iBmdcYt6uxg,2020,1460897,248.0,235
_D1JFEs3PKk,2020,342985,130.0,11433
HpMeDDsDf7M,2020,365027,499.0,0
-bNL9TZM33E,2020,234249,521.0,7108
DJ2A_ilSX8U,2020,325324,139.0,14536
Cs8bMZu4n8I,2020,221095,405.0,0
cbIsdtIi4Sw,2020,1052603,145.0,10564
t7Pa0c0d_lY,2020,449957,8.0,41598
WjIelGHOTZk,2020,183915,547.0,0
3VnI8BOVarc,2020,218669,341.0,5036
jY1cLNXPzk8,2020,1008539,648.0,23532
eLgYStIW3DQ,2020,1192374,551.0,11619
GXtWee415-4,2020,278831,677.0,1522
FHdAk2cYCvY,2020,7313868,147.0,52762
gNDCxHn17h0,2020,23,175.0,35783
742rjaRrGXU,2020,253925,287.0,5265
NXIPmpXZXQM,2020,654779,541.0,7232
aP3Bp91VDfE,2020,193583,671.0,4890
6zvK812dBrw,2020,7595587,297.0,68638
bSHDybxnF0U,2020,388763,605.0,3755
xN44mHyftOk,2020,157008,713.0,2439
2yGKeiVxm5I,2020,597453,42.0,6
VOJ6M1k0gO4,2020,13100083,271.0,160857
NawVFAYafW8,2020,194202,609.0,1668
Ad0xCnhC4QA,2020,673015,447.0,9802
4PciKCq-5pI,2020,278776,334.0,5455
HcfSBr_KhzQ,2020,439450,562.0,6741
1VOk1kedydc,2020,340237,714.0,2944
JjmX_PLgovk,2020,2718290,45.0,182789
JmohuhGTOFA,2020,1999104,134.0,51815
A5GkCGkF11U,2020,1837359,587.0,27653
i9Josw4T9JQ,2020,84932,379.0,864
bx_ZleUGEos,2020,247091,515.0,0
oXH2U7BD1gI,2020,2241716,641.0,11285
xrIl5_8jjas,2020,194849,2037.0,1509
K2Pp42lJj9U,2020,339216,327.0,4462
w0sxm9CCNIo,2020,374359,283.0,2792
Uw_SXtEA7uU,2020,4335783,518.0,90149
L9VBoIK3Chw,2020,1047018,533.0,60863
YVhFSj59BSw,2020,293763,357.0,1233
v05c9htFCpw,2020,1604493,408.0,19950
sAYGQN_xzrI,2020,3283939,107.0,72275
3phm_Ym7Xbw,2020,1967694,407.0,8522
8LDbIsnsOAg,2020,240027,585.0,7643
p6XPAC881J8,2020,597322,583.0,3526
CDraz1znet4,2020,1162565,45.0,16
Icl-ioRHAdo,2020,630350,635.0,5405
fZZKYKeoX4k,2020,3525470,673.0,14752
yiWbWFqLDiE,2020,24511476,418.0,484998
z50C11sHxBw,2020,191392,61.0,853
bPpwv5kohuU,2020,159699,191.0,1351
_fHIGGYvbnY,2020,146298,39.0,12296
_YsXw4wKZKU,2020,521283,180.0,1950
fHej55Fz5qE,2020,4247300,530.0,92073
yf9R-CIEVZE,2020,5135,31.0,190
O5-1oolQVD0,2020,221154,198.0,5102
8SnLeGceEDU,2020,2062,41.0,116
yf9R-CIEVZE,2020,5135,31.0,190
O5-1oolQVD0,2020,221154,198.0,5102
8SnLeGceEDU,2020,2062,41.0,116
u7JKCHXJUso,2020,872463,120.0,3370
YwqZa5aSZcg,2020,667342,30.0,40
s9AZ_yXuSjQ,2020,20426,231.0,559
bK6PmYpEziE,2020,256787,602.0,3100
poltBywtVfc,2020,238216,136.0,0
soNguXYfH0E,2020,32399,125.0,1654
CUDFOBE0SSM,2020,22582,190.0,591
s2M39S21mpY,2020,2204048,1745.0,12630
zLUws21-Cx4,2020,1192,314.0,72
eKD-5aAZh9A,2020,98532,58.0,3643
8knMGKtor8E,2020,73356,179.0,2615
27BHPP_cY9g,2020,1177355,60.0,393
DFBbkkk13QE,2020,41125,61.0,683
eTJcohtIGcw,2020,1115050,60.0,511
6aA59EN6lu8,2020,2984,189.0,63
-g-WUH38xeE,2020,92823,242.0,3187
zYmuB6JqV7Q,2020,64982,91.0,2662
P2zDYmw-Wzs,2020,275183,229.0,11416
jpeC8ByMbVQ,2020,491501,405.0,12073
lzxHKOqPw7Y,2020,9610,169.0,289
YIuIR2o79W0,2020,318706,631.0,3852
btimyKheR-4,2020,317803,448.0,2367
5tcQtfU_C_k,2020,237466,612.0,4910
FoNn00eH6gM,2020,18202,681.0,247
qbl9k0eQS48,2020,51806,220.0,640
x445Zp79VrY,2020,103140,468.0,948
UnlYsJMxieg,2020,120465,240.0,2894
wuQTBoU7vvw,2020,271768,31.0,20622
cU0fgxx7NDI,2020,81709,217.0,1754
CLrYfQhbu_8,2020,531800,3593.0,10738
Vh8DeTxN7wE,2020,1005425,386.0,19177
R9b_wrh5h8I,2020,5255,24.0,0
M2kqhFzKPdU,2020,942,48.0,0
cPkJm0GJsgs,2020,1310,41.0,0
HF3d015bBwA,2020,18161,499.0,83
Z9jh3erS1w4,2020,10782,14.0,91
_jM1Q7Y89q4,2020,284699,215.0,6271
Sa0hHWf0NY8,2020,309668,20.0,16307
bS8cxrgJvNA,2020,3618,30.0,0
A_Reqt7RXcc,2020,1295,37.0,129
yW2QVcBMCWI,2020,1207,43.0,0
2_Z0OhUXJ_k,2020,894,31.0,0
GroK1V8Oz1Y,2020,47215,16.0,2332
uQF6PVLHthU,2020,595315,350.0,1853
Hiu1HwWrRm4,2020,18185,183.0,430
jqkGDKiYvOs,2021,6015690,58.0,365837
VtPsXzlzVNM,2021,5767497,33.0,405587
TiJV3jjUtng,2021,392569,37.0,1488
mFEKmmGZCxg,2021,9527162,49.0,563950
kzkChigcPTw,2021,16632,36.0,1396
4kptlrzcCfc,2021,22215672,11.0,1694200
_QbmYhrzie0,2021,7524536,57.0,504455
-FBwZtuJtMw,2021,3338031,210.0,246751
AhJpav2rjac,2021,2773376,46.0,797
SBaIxNCV4KU,2021,8104332,55.0,647623
dOdPoU1ncOc,2021,3472920,123.0,63589
A0Qav559BM4,2021,2301745,135.0,87251
2s7u4L6mtmE,2021,3579748,135.0,17078
py8m3ELi5_Y,2021,151826,98.0,67
pUF5esTscZI,2021,7687537,524.0,369478
9LMr5XTgeyI,2021,4511316,536.0,216284
Lz7Drdz-vLg,2021,7987730,183.0,103857
J90L73YOR3k,2021,3364152,111.0,64517
yFwPswAfvqw,2021,1525949,145.0,32175
oHdW4Fafn8M,2021,1528181,751.0,27269
aoAx0hfew2c,2021,1518686,123.0,35871
64Qfx-PZ2Qk,2021,2726071,165.0,68841
1ynspvn8KSs,2021,13196691,162.0,229994
qcdPtTnV-Ys,2021,5805121,910.0,176354
q09lokslFFk,2021,3636663,43.0,19
yub12mIMcH4,2021,608160,115.0,19502
Wfrq_DLb8wI,2021,9442021,1521.0,176659
aTgXhtRtKz4,2021,23879489,313.0,130089
WLoVHyuYVBY,2021,4021268,1079.0,110820
prdJbeyyPo0,2021,547589,205.0,4427
07fkuLXklWs,2021,197571,755.0,5540
BfFUGqdbu4c,2021,594832,135.0,92
3pAzUhqDJH8,2021,4552358,59.0,7
3yT5jJZplsk,2021,3281515,572.0,24066
vn4CXeOmAzg,2021,619870,508.0,5947
51re8OsHC00,2021,2022825,100.0,10282
Cc7goetmzkY,2021,219119,541.0,4146
WS-22w4NzJA,2021,2118848,138.0,12347
jNXVuSQEDu4,2021,952164,276.0,2855
g8Sjyo01yt8,2021,3580966,512.0,83372
9V5x8USDluo,2021,481519,203.0,0
n-F-s5PSP8w,2021,587066,524.0,4153
VMZsFCQPRZY,2021,38603330,533.0,194144
AIuAkAktsnE,2021,38719434,30.0,50
VueEQ5KlYyk,2021,5789441,1270.0,214240
Wfrq_DLb8wI,2021,9442021,1521.0,176659
WS-22w4NzJA,2021,2118848,138.0,12347
zU0fw6YD008,2021,19497260,60.0,338924
efEiBG7DLB4,2021,5371334,607.0,137113
wqPM3c67Ovc,2021,1258764,39.0,42643
R-1JXejejMg,2021,1319705,507.0,9076
Vy4hbbZcTiM,2021,1296766,402.0,1817
KmwE0abw3uk,2021,19387655,26.0,413895
7DhrRMWwCIY,2021,434390,602.0,6584
T5cVJI2y0k8,2021,189164,500.0,4662
MqGo5uQ7bes,2021,282942,2360.0,0
LDV6HLKAt8Y,2021,490036,669.0,5328
-quY0zJrdiI,2021,2336999,798.0,76986
uYgwKFFfjuw,2021,40913364,167.0,208199
lH9r8Sq059s,2021,332127,212.0,3723
p1Fvrm-pSao,2021,3868144,801.0,43349
zrAYZ8KXjqE,2021,66845,348.0,2476
IiJYXYNbKUs,2021,2689652,491.0,4043
-7DXXmJ_UbI,2021,200645,1416.0,6099
TMavGifBOEI,2021,155650,454.0,5768
pARqOBE6baU,2021,1032068,151.0,24273
51re8OsHC00,2021,2022825,100.0,10282
PCdZ8yISbgk,2021,6334846,155.0,151379
VMZsFCQPRZY,2021,38603330,533.0,194144
4PuwEQc3WfM,2021,14018844,171.0,31648
L1HcfhsWMX8,2021,284400,619.0,5910
WGdAVnR372w,2021,2630028,210.0,13168
4951luSaOMg,2021,726792,673.0,6985
Q95zFLkSgfU,2021,192475,524.0,3606
ebshN28FDWE,2021,4942455,305.0,68918
VueEQ5KlYyk,2021,5789441,1270.0,214240
dOh0jikQspU,2021,278147,1472.0,7265
SREbl7Mpw2g,2021,1622219,383.0,14779
rZzsdWFu4tc,2021,553137,624.0,5216
VOlRrlbfnwA,2021,1731325,170.0,15823
r4IEWGWNU98,2021,333948,521.0,7677
oqqJ-5FuzUU,2021,681357,447.0,27177
NfFEl1znlq4,2021,243490,602.0,5661
EbPtANfREJg,2021,4648481,2532.0,44897
XZPuB1QasQU,2021,3613314,2021.0,50104
KtNGDa2gFes,2021,210556,411.0,10031
3lgYHGV0OCI,2021,3326866,289.0,29674
xH0OiUVjVys,2021,398116,435.0,17000
2GVk9PLiz-8,2021,204644,485.0,9047
QlsR2ShzrG8,2021,2188685,394.0,56623
5-G0h56gZZ8,2021,376236,500.0,15058
CroUnlcZnE4,2021,189325,60.0,7
KqXAgU3NkKE,2021,5869223,1538.0,56764
1mH9IqoAOjg,2021,239007,561.0,4620
sd5XzP3_Cho,2021,1846477,1569.0,28559
0TjPuyZ5gC0,2021,1878545,664.0,9832
NhFZfIh5mZ4,2021,1262444,511.0,49800
0Sg8rNDdIRk,2021,6400533,120.0,47210
J1jxOdWDNFg,2021,523680,668.0,6273
A_-dAuwW-Wg,2021,311291,15.0,4
q2Jbepczh6Q,2021,762732,61.0,0
Xc0zAM8ehCM,2021,310877,318.0,4779
f5BTXUoPt7g,2021,184664,570.0,4028
vbqgYCSFGCg,2021,181228,572.0,2247
43mtdC4j1Is,2021,644764,401.0,9465
DJTnRshjeS0,2021,17300720,223.0,304262
qbZyfYPUGpA,2021,272005,578.0,3112
yBoQhD_PZy8,2021,460558,573.0,8783
A73VTkSGKjM,2021,221589,551.0,5346
ADoK9g4SxeU,2021,615703,55.0,70404
YPGomPg2qAA,2021,487642,143.0,3020
lHyROp3XiY0,2021,482139,528.0,5698
xhaNkIhLSNA,2021,412956,587.0,8374
hl89N9PVtYo,2021,6975615,54.0,303866
KUItyH1A6s4,2021,1670870,122.0,36983
Rt0HENuEsZ8,2021,186672,481.0,4907
KiL7ycBgh2o,2021,553260,521.0,6929
R-1JXejejMg,2021,1319705,507.0,9076
lH9r8Sq059s,2021,332127,212.0,3723
aTgXhtRtKz4,2021,23879489,313.0,130089
UTAIowkZus0,2021,546634,345.0,17576
ifAeoyG9Sw8,2021,624279,635.0,6171
jNXVuSQEDu4,2021,952164,276.0,2855
zU0fw6YD008,2021,19497260,60.0,338924
51re8OsHC00,2021,2022825,100.0,10282
WS-22w4NzJA,2021,2118848,138.0,12347
VMZsFCQPRZY,2021,38603330,533.0,194144
oqqJ-5FuzUU,2021,681357,447.0,27177
fwrE89kXsAw,2021,742438,649.0,7703
QXAD9BDCyv4,2021,5514089,112.0,13791
p1Fvrm-pSao,2021,3868144,801.0,43349
4tyiEIHmODI,2021,546106,53.0,10
PCdZ8yISbgk,2021,6334846,155.0,151379
efEiBG7DLB4,2021,5371334,607.0,137113
Ta1efA28gso,2021,574435,489.0,27364
B0tJShuGBqY,2021,201470,665.0,3568
KtNGDa2gFes,2021,210556,411.0,10031
ptm0t3rnYnk,2021,302305,650.0,3374
VOlRrlbfnwA,2021,1731325,170.0,15823
Vy4hbbZcTiM,2021,1296766,402.0,1817
eguHf6HGqZc,2021,414612,881.0,0
-quY0zJrdiI,2021,2336999,798.0,76986
zrAYZ8KXjqE,2021,66845,348.0,2476
QlsR2ShzrG8,2021,2188685,394.0,56623
L1HcfhsWMX8,2021,284400,619.0,5910
IiJYXYNbKUs,2021,2689652,491.0,4043
2GVk9PLiz-8,2021,204644,485.0,9047
xH0OiUVjVys,2021,398116,435.0,17000
5-G0h56gZZ8,2021,376236,500.0,15058
KqXAgU3NkKE,2021,5869223,1538.0,56764
pRW1xqrBsqU,2021,1223404,230.0,19
sd5XzP3_Cho,2021,1846477,1569.0,28559
Zcrq4iP0pZw,2021,1764581,44.0,96764
NY_VluvV54M,2021,808469,363.0,10671
GoUL63iRpmw,2021,179169,482.0,1886
o3Kh1PWhleE,2021,266349,544.0,3790
NhFZfIh5mZ4,2021,1262444,511.0,49800
CtCWikq7M_s,2021,471488,486.0,7859
43mtdC4j1Is,2021,644764,401.0,9465
aElYlmP_QTY,2021,115652,486.0,0
uO_ftnck4vk,2021,237522,482.0,3021
DJTnRshjeS0,2021,17300720,223.0,304262
ngHismHfjFs,2021,1088699,482.0,6145
Z_YVTV81XVI,2021,219379,526.0,6225
H3MJqg1eqqI,2021,1362775,571.0,16456
or-tAU-kYQg,2021,1900385,500.0,20922
HGj0GHkOYE0,2021,303058,1275.0,0
rPUuisRHPnA,2021,202557,701.0,2657
Vdb15S-fq9k,2021,160647,542.0,1930
8GsbTODarn4,2021,315673,837.0,3974
A73VTkSGKjM,2021,221589,551.0,5346
hBSE4QzqdO4,2021,207562,584.0,2812
EUs2M9xTG2M,2021,480309,539.0,4811
ADoK9g4SxeU,2021,615703,55.0,70404
Uddye9o1N6Y,2021,125235,666.0,1083
xYTQldZe9AM,2021,495798,126.0,131
YPGomPg2qAA,2021,487642,143.0,3020
zpU1dEisq-s,2021,791884,622.0,5513
LeAzXve67Qc,2021,200497,589.0,2558
hl89N9PVtYo,2021,6975615,54.0,303866
x_UgoraMYRk,2021,1239748,51.0,84561
Zcrq4iP0pZw,2021,1764581,44.0,96764
NN4C6DDs5Kc,2021,232162,604.0,3439
MAOgtD_-jh8,2021,161900,542.0,5266
Vht36xUcUyY,2021,2795324,51.0,156624
gDKr0ImyWVY,2021,1229031,592.0,13512
Er0Oz0edpLE,2021,513504,1936.0,39590
GzSX_qZ8Jus,2021,606988,534.0,15460
TUD4rNXMCyQ,2021,925113,488.0,15208
W5VHaqbGqJs,2021,423931,708.0,5855
Roay3Yfr63A,2021,1168359,541.0,8832
DE1ovxxyCD8,2021,5498676,45.0,323537
3FFUVh6OmzQ,2021,687885,613.0,7870
b6wRPAgWyIY,2021,4163242,59.0,340700
GgX1ktTvtC4,2021,2616852,203.0,12827
M_IzvNDbSE0,2021,4775074,51.0,367664
87C5v95mk4o,2021,562903,48.0,33359
A71qiTJm5ZE,2021,1986118,50.0,118520
LA-XLvoEUxM,2021,2941490,45.0,87432
OeKk9R95vr0,2021,135224537,18.0,872082
cnN56tUFPtQ,2021,346300,37.0,20003
ENyK1AqBL7s,2021,380907,55.0,33544
Nn8cpcPUlBs,2021,248099,34.0,13018
wRzfQVsNZOk,2021,7075343,1033.0,44240
H5RMhDvE7Yk,2022,11032375,20.0,523047
GkmIjfaBh78,2022,51694518,20.0,1674333
8Yn6LtF60Us,2022,149995127,14.0,2401969
NwU4gd_kLbQ,2022,80522444,33.0,3619920
IypgniLuz08,2022,3460905,31.0,179
cNfm3VYSZhw,2022,527877,31.0,13
bHgUL_W62sE,2022,10015790,46.0,676305
jCqb8vv-rdA,2022,201551,95.0,28
Rg3Xi5MwfGI,2022,1169531,123.0,1865
ZzsOotMp3fg,2022,299933,57.0,16151
hvB8pv757MU,2022,66475984,20.0,2896289
aUAzdnCqMs4,2022,217119,372.0,41
i9tWqhaGev0,2022,804650,55.0,1
DrDFwOF02yI,2022,378638,115.0,7
HCuBrkAahRM,2022,7414500,133.0,79132
SdKGVsVXltI,2022,1471220,55.0,2
BshOQS9fdLQ,2022,650728,29.0,60954
Z9U5R9K7DI8,2022,2008217,34.0,130493
jkdtrIKrpBs,2022,391112,39.0,4
8Fn_30AD7Pk,2022,8431002,510.0,256727
y3cvKK9wDUw,2022,6053379,220.0,158851
p91kN8mfO1s,2022,74220352,19.0,2145675
VQPTwIpf0sU,2022,497841,95.0,13559
2aJbRXpwBbw,2022,524733,31.0,7
vTZbIpcvaYs,2022,299519,141.0,96
8QJJYg-1UWo,2022,544291,224.0,5447
PzNJiXU5H6c,2022,580621,143.0,17121
1U63j5_0QAM,2022,8624374,36.0,400779
jfOUVYQnuhw,2022,6424114,964.0,238208
YoNjK7EPqRw,2022,11020167,27.0,448133
wP7upBO3NLc,2022,2410938,2496.0,57770
qCaLi3TT5N4,2022,727462,41.0,37
1gLff7ol9Uc,2022,277852,31.0,31
thWBsXApqDY,2022,230111,182.0,8031
iZClQafCI5Y,2022,2191298,18.0,75954
20OYy1N3Fyc,2022,443916,60.0,16010
n-XpULsR4pc,2022,16263866,18.0,599527
yX-oSmsdlb4,2022,213662,31.0,4
pCxMaMMDn_s,2022,865435,15.0,5
rHRK569gMIU,2022,729031,233.0,1745
J5mKXhhsxoM,2022,362112,198.0,5672
uExiGnvCiXk,2022,5320821,60.0,290349
r-pgR6gjvGQ,2022,238090,265.0,2006
-fBYNPQUQ1c,2022,1366582,214.0,12974
-fBYNPQUQ1c,2022,1366582,214.0,12974
XQ4LRLDv3P4,2022,3375356,485.0,22217
cvd5z_mqj8U,2022,1708427,33.0,72646
4xgrhcWnZSE,2022,238038,51.0,1883
iL_gsEAtd_w,2022,110684761,102.0,4720
7cVgmK1yyQo,2022,609956,105.0,5
MechtEke7kQ,2022,2452717,81.0,10
QrWG__OPRaE,2022,285420,738.0,3518
6Ngy-O-VyD0,2022,184365,482.0,1741
39NyFeIpo3g,2022,796836,369.0,15610
CqedTsnMDlg,2022,169773,602.0,1801
f4fnMuA_G1o,2022,249703,644.0,7445
E43oEQoiQ9E,2022,239077,603.0,3910
z70mwyfDtbY,2022,171889,546.0,3539
q0959gQxkls,2022,144200,543.0,4639
LayHphnZndU,2022,2497541,361.0,50266
Lya0ejnjnW8,2022,662300,38.0,71462
cBWkOySvxWE,2022,126163,359.0,3746
tNra8xpO4FQ,2022,166228,783.0,7494
t-UWYMQlm2U,2022,23440120,60.0,635067
j1GI8jXbgBg,2022,6790938,60.0,403988
e9wShOWxtm4,2022,168088,32.0,1
EQPB-wQJa3M,2022,286315,30.0,17
JiMx3jEaI9c,2022,5075691,838.0,57915
m4Vgd3X_9IE,2022,200366,436.0,4220
0VtdyrwPkcY,2022,248862,236.0,1842
QpZbf6rYrrg,2022,253577,519.0,2173
pOS0kvuc3pc,2022,372318,130.0,25
eFI5yYZkRtc,2022,4228621,60.0,207186
rM_jsWZ6dd8,2022,240864,201.0,342
bydFsCts7Jo,2022,425808,225.0,6
pHMjXnWOnZ0,2022,237008,616.0,3222
TUSXNtJNNM8,2022,539318,810.0,5599
fpMur2j0jJg,2022,519681,544.0,3370
HvteGsoPGDY,2022,656001,711.0,8441
uDfcPaX4gPw,2022,234004,236.0,5
_Y8DmXlmX4g,2022,14128540,57.0,479885
Wv2sJLRhEnk,2022,284700,167.0,10455
IHZs4K_2mVg,2022,804779,542.0,1346
iia8h72B_Vs,2022,4101774,50.0,168263
ClMyyOmrqfg,2022,1508767,70.0,5
aHu53btOkAE,2022,1575686,588.0,11708
VT0X_ROGzI0,2022,176701,72.0,16
9eE2cHuRpWM,2022,250821,148.0,5
vWAirwuPPGQ,2022,24195532,59.0,404588
hAbxkkeHRpE,2022,311061,494.0,2908
ql-RScrHAl4,2022,184059,2093.0,0
hAbxkkeHRpE,2022,311061,494.0,2908
ql-RScrHAl4,2022,184059,2093.0,0
CaNGkcani9U,2022,222062,574.0,2466
3agH9g1aqMg,2022,1289232,646.0,15825
8NkaMMPbiFk,2022,197573,511.0,3685
WwsrDoEZkX8,2022,1021563,532.0,27202
F2w3x1nHHtw,2022,6674003,60.0,727730
eHK8JcDJLSM,2022,162295,582.0,2340
1vXy8Fhh468,2022,292881,866.0,7901
QkW7dUWe12k,2022,325218,1840.0,0
ekmw3xKnFwQ,2022,295228,500.0,4093
zXLi9-RXaXQ,2022,403949,834.0,19071
DSQ-yKfZfmI,2022,183541,505.0,3867
3G2RGCbl4Ms,2022,1497781,658.0,2776
2LiXMe3C98w,2022,269030,656.0,3945
_BUriZfuASM,2022,265126,617.0,3861
G1yg1Y-o8p0,2022,293358,602.0,3534
r3JrrIiJUL0,2022,3061338,169.0,441
E-4sGZBFBjg,2022,662757,31.0,0
G6ajeiaVM10,2022,199363,911.0,2395
8dwhAjhLGL4,2022,237279,578.0,3879
EPne846B6s8,2022,265789,626.0,3119
JSjLwNWAeJM,2022,64234547,45.0,12
x-mDM-gbDXA,2022,7307589,676.0,145406
2pw5ZThPKdI,2022,1092964,1009.0,1952
dUNxPcuVKoE,2022,552911,513.0,8109
i3WWcF5EwvA,2022,466488,107.0,9887
N6V4i0H8I_o,2022,197755,217.0,1792
vM30m7hCNDg,2022,1085912,78.0,24104
WNYZj5Nkr24,2022,202185,826.0,8327
FahpIjMIQ6U,2022,261701,609.0,636
uhINwn2vUbk,2022,617685,183.0,8981
c46e23NRVto,2022,263982,2694.0,0
GNcH-Vq8ggc,2022,1795700,252.0,23750
iEbdpgFxz9E,2022,3142434,289.0,39799
t5xgkrYxBKI,2022,235719,56.0,11652
tPXVwrX-o9Y,2022,1121059,56.0,44
wv2s7qjfQpE,2022,1601175,60.0,64307
aHDh-ZI55YE,2023,171627638,22.0,1999793
n6QS428oviQ,2023,3074663,36.0,13471
T0Whh_bPJDw,2023,68968889,15.0,1014314
DPvbAisvkuQ,2023,46333773,19.0,469752
725wkWFTZrw,2023,4346140,17.0,195280
Q-KGQZkB6V8,2023,82704184,43.0,1301110
RS4Fl_7BryE,2023,424910699,18.0,6009259
-LDpilAEwMU,2023,43609734,11.0,694316
16Lxc9fuHq8,2023,109631653,24.0,3883635
J9BAaSjXHug,2023,73951904,18.0,3417766
FYYm5AxKRvg,2023,217921931,14.0,3204956
EbFHiWDEvt0,2023,318193,31.0,2
2Q6jWwhVkz4,2023,38681084,15.0,722141
lR4zL99dewU,2023,6038595,616.0,125057
ozJO90vN-jU,2023,23649953,60.0,421008
xghWi4eFEHo,2023,38301499,32.0,602222
WCyplg_LPJ8,2023,400156,799.0,4868
NMOLUgDQxaw,2023,1143681,210.0,5
NUWBuvz6buw,2023,226866,1539.0,3175
oOXVqyy0rTA,2023,49907387,60.0,2275929
Ujz_D67B4x8,2023,3923545,60.0,136040
Y0ndTc5GOKU,2023,1115037,127.0,9
KOZeTl7FOT0,2023,181892,548.0,1955
l9jiAF4Eoy4,2023,47426381,60.0,1638954
hCSZjBqICkU,2023,3414705,16.0,125097
k3xfiNh36zs,2023,6011281,12.0,96737
QfZYVIyqyLA,2023,75704445,60.0,1226919
1QT1G9qI26w,2023,4137846,24.0,17842
K__ARI5nXVA,2023,11780632,20.0,464339
ykPZ91ECK5I,2023,447784,485.0,3806
ZinXCXgOBsw,2023,129298443,43.0,2067562
4Bh6DaQcO2o,2023,22261847,48.0,0
FLs8N4Kd0_c,2023,694864,51.0,70326
fA5UeUKGyBE,2023,92127465,45.0,0
FLs8N4Kd0_c,2023,694864,51.0,70326
f-_oBX3vn2A,2023,391756,354.0,9
GdDj922liTA,2023,146927,575.0,1335
l5w6vEtt6Hc,2023,15556464,35.0,305169
GhCt9Bb8400,2023,405925,1533.0,12854
pXlcm5HlN50,2023,14758665,31.0,238568
TQ3hrywysKQ,2023,211555,634.0,2457
aiCPlVMU3mE,2023,149150,1361.0,1756
1gBXIkvGWi8,2023,860441,41.0,83294
uUvYvpNFpOA,2023,13751339,36.0,418337
BF90276jEQM,2023,4269366,31.0,52
amZeAKk2Fl4,2023,733034,35.0,90680
QytHRkENa4I,2023,160732,1539.0,1621
1BdC1GzBgaU,2023,481197,24.0,61219
lX8b6ON60E0,2023,1371049,2404.0,13133
qrAIryjEXgg,2023,175725,1564.0,2023
RQQ-AUGYxjw,2023,162450,1527.0,1885
wDf_cWfFX2Q,2023,368597,1439.0,3264
lJVXiX1JxrY,2023,73785266,12.0,1463483
lOs2BfFIC50,2023,978990,218.0,1711
6j-nDyaghVI,2023,607525,182.0,4134
Bd60S-RSESU,2023,8405067,16.0,0
wAtl7WEoSSA,2023,409149632,29.0,5242056
dOPJj4l0SE8,2023,1105082,228.0,7127
dCz6-HoW1Ys,2023,212766,133.0,2096
gmMN7S2W4_g,2023,22376221,18.0,349034
LuDhhl-MQjg,2023,491889,188.0,2907
ftCVZ8yyTp8,2023,1418440,31.0,15
VzmdMDZDS2I,2023,185243,307.0,2976
Jal5s1HR3Do,2023,79227959,8.0,809001
7Km2YOd5yfc,2023,54062475,59.0,3074968
Qp_sVtoeOFM,2023,7698448,53.0,520378
4z6NE-bzQ4A,2023,308318,16.0,18564
1BdC1GzBgaU,2023,481197,24.0,61219
lrA00WNUQKo,2023,190540,6.0,11446
amZeAKk2Fl4,2023,733034,35.0,90680
eSMiZr8mm8w,2023,514749,25.0,31473
9JGw8AdbtZA,2023,139693,25.0,6565
gUP1oLNS6u4,2023,77871,18.0,4020
DxmuUxG_QMI,2023,39445,12.0,2246
GMw-895zNCc,2023,397725,60.0,19088
VhBblYV2sLg,2023,823947,40.0,47976
h7qhGAJ0TeA,2023,27737162,47.0,403554
-AUx_3LAo5M,2023,264812,51.0,22646
sFC66v0Wju0,2023,18339267,38.0,283358
xHR5xhJlFj4,2023,1112553,8.0,35109
bmwANc2CKFM,2023,432984,520.0,4921
omf7fo2ayio,2023,77835027,37.0,1804616
IRB28H7zlD0,2023,70929005,15.0,852677
BCmCrrENJeo,2023,326134,416.0,7249
FVLg3FpvwEg,2023,199428,319.0,2412
4E7rWX_5ZNo,2023,32337001,95.0,19
glf1sTEoAGg,2023,326762,3426.0,5102
sj3XeTfu9qk,2023,855583,3030.0,0
KoToZTZ2Q04,2023,587154,525.0,4598
VrKFSW49os8,2023,201198,856.0,1905
UGXWJIoXOM0,2023,8342386,10.0,362008
dJfdMh8Nl74,2023,16568340,46.0,852226
D-qkVv0mamU,2023,2815445,15.0,112897
RQtj3Y6z0RQ,2023,770113,19.0,83864
AUT8GLJcwKQ,2023,792019,50.0,97889
07Q-ZbBWLlA,2023,708187,13.0,72397
49xl06sRqgg,2023,896213,46.0,85019
Oyeg9PiuU7k,2023,553914,18.0,28947
JeMEUBmeQyE,2023,49443,15.0,3037
nZdf6_KtkNY,2023,531690,55.0,55180
YStlbK29f_Q,2023,853558,59.0,109506
jWQJgItGiNs,2023,145276,28.0,7816
lfeSVhWfGIA,2023,982334,8.0,57851
NLDLFRGoqEo,2023,1181047,57.0,95927
qson766lDag,2023,718717,14.0,44691
OV06QPOje5w,2023,434207,60.0,28785
txaKTZijsgE,2023,450808,26.0,47502
pwyT14Y7cvI,2023,434598,1205.0,8739
__sSsWIlZeI,2023,226087,1326.0,2403
G1l2-2ItFhU,2023,219817,641.0,4216
glf1sTEoAGg,2023,326762,3426.0,5102
AkxIC4V_4KA,2023,16333146,51.0,298495
7u-f8wscZb0,2023,194802,723.0,7294
1TROBoFK-t8,2023,943016,2705.0,0
piKOcjQPZJk,2023,684909,661.0,22281
SHbsn95A-Ag,2023,242872,1380.0,3868
08jYwufK7QY,2023,267406,455.0,3915
UGXWJIoXOM0,2023,8342386,10.0,362008
dJfdMh8Nl74,2023,16568340,46.0,852226
D-qkVv0mamU,2023,2815445,15.0,112897
AUT8GLJcwKQ,2023,792019,50.0,97889
07Q-ZbBWLlA,2023,708187,13.0,72397
49xl06sRqgg,2023,896213,46.0,85019
Oyeg9PiuU7k,2023,553914,18.0,28947
JeMEUBmeQyE,2023,49443,15.0,3037
nZdf6_KtkNY,2023,531690,55.0,55180
Kr9Tg41NwSw,2023,9631301,7.0,64443
YStlbK29f_Q,2023,853558,59.0,109506
jWQJgItGiNs,2023,145276,28.0,7816
mEmUjscPonU,2023,847618,27.0,53200
qson766lDag,2023,718717,14.0,44691
OV06QPOje5w,2023,434207,60.0,28785
txaKTZijsgE,2023,450808,26.0,47502
IOWo7TH2d0M,2023,304250,36.0,22118
np77FnIFOR8,2023,385326,13.0,17201
mf-6987MDNM,2023,226486,16.0,19115
bDtzsY25uek,2023,200630,26.0,14345
MH_l2nzP3CQ,2023,241967,46.0,13509
enHTyqB9bwY,2023,228627,16.0,7418
jPniUheclyw,2023,197552,19.0,10296
UgGBH6o9kKY,2023,153099,19.0,6738
8ZzooNmZC_M,2023,99181,46.0,6908
4LNXkII1vD0,2023,87825,57.0,6025
ZnRMXJQoV9k,2023,81527,37.0,6078
RrJmKsni1C4,2023,65770,57.0,5861
Jr0skNZrFHU,2023,82910,9.0,3276
15obUgn_a38,2023,52013,17.0,3413
Lk1CR1SrImE,2023,50399,41.0,2873
gj6Wfsnr2VA,2023,49694,24.0,3349
M1tZ0Cdl_ng,2023,70677,38.0,5189
DddkCe6rbss,2023,304560,58.0,39402
Kjn-Wqf6FHU,2023,229929,19.0,12675
uBaRzq-0i6M,2023,56071,61.0,3017
oSp7dB1njm0,2023,114692,47.0,8780
Znh-Szp1sac,2023,99991,32.0,7058
bbogtnHCEjo,2023,169937,18.0,11665
sPiizDqDhew,2023,57252,22.0,2943
